observation_date,DTWEXBGS
2013-04-29,91.6539
2013-04-30,91.3741
2013-05-01,91.4331
2013-05-02,91.6174
2013-05-03,91.5087
2013-05-06,91.6387
2013-05-07,91.5201
2013-05-08,91.1848
2013-05-09,91.3036
2013-05-10,92.2527
2013-05-13,92.2711
2013-05-14,92.3697
2013-05-15,92.7691
2013-05-16,92.6602
2013-05-17,93.1617
2013-05-20,93.0359
2013-05-21,92.9662
2013-05-22,93.3104
2013-05-23,93.2113
2013-05-24,93.2768
2013-05-28,93.5853
2013-05-29,93.531
2013-05-30,93.4219
2013-05-31,93.6076
2013-06-03,93.163
2013-06-04,93.3067
2013-06-05,93.275
2013-06-06,92.809
2013-06-07,92.6056
2013-06-10,92.973
2013-06-11,92.7996
2013-06-12,92.4775
2013-06-13,92.3449
2013-06-14,92.1886
2013-06-17,92.3332
2013-06-18,92.5432
2013-06-19,92.4755
2013-06-20,94.125
2013-06-21,94.4243
2013-06-24,94.5714
2013-06-25,94.3285
2013-06-26,94.3807
2013-06-27,94.2429
2013-06-28,94.3047
2013-07-01,94.0998
2013-07-02,94.4051
2013-07-03,94.4767
2013-07-05,95.0639
2013-07-08,94.9954
2013-07-09,94.9467
2013-07-10,94.7595
2013-07-11,93.949
2013-07-12,94.0029
2013-07-15,93.9729
2013-07-16,93.5232
2013-07-17,93.5498
2013-07-18,93.681
2013-07-19,93.4759
2013-07-22,93.2253
2013-07-23,93.1631
2013-07-24,93.3124
2013-07-25,93.2862
2013-07-26,93.1695
2013-07-29,93.1663
2013-07-30,93.3976
2013-07-31,93.5703
2013-08-01,93.7972
2013-08-02,93.5789
2013-08-05,93.507
2013-08-06,93.3199
2013-08-07,93.2652
2013-08-08,92.8483
2013-08-09,92.8394
2013-08-12,92.9178
2013-08-13,93.476
2013-08-14,93.382
2013-08-15,93.5059
2013-08-16,93.4255
2013-08-19,93.6623
2013-08-20,93.5536
2013-08-21,94.0362
2013-08-22,94.2804
2013-08-23,93.9466
2013-08-26,94.1853
2013-08-27,94.3934
2013-08-28,94.4127
2013-08-29,94.6398
2013-08-30,94.7541
2013-09-03,94.9574
2013-09-04,94.5739
2013-09-05,94.8891
2013-09-06,94.2487
2013-09-09,94.0009
2013-09-10,93.938
2013-09-11,93.7112
2013-09-12,93.5903
2013-09-13,93.6666
2013-09-16,93.2875
2013-09-17,93.2231
2013-09-18,93.2569
2013-09-19,92.4082
2013-09-20,92.6049
2013-09-23,92.613
2013-09-24,92.7691
2013-09-25,92.7675
2013-09-26,93.0096
2013-09-27,92.9747
2013-09-30,92.9207
2013-10-01,92.9515
2013-10-02,92.772
2013-10-03,92.7461
2013-10-04,92.6469
2013-10-07,92.6725
2013-10-08,92.7558
2013-10-09,93.0829
2013-10-10,92.8579
2013-10-11,92.854
2013-10-15,92.7642
2013-10-16,92.6819
2013-10-17,92.0246
2013-10-18,91.9989
2013-10-21,92.2498
2013-10-22,91.9563
2013-10-23,92.0947
2013-10-24,92.1867
2013-10-25,92.1623
2013-10-28,92.1872
2013-10-29,92.301
2013-10-30,92.3057
2013-10-31,92.731
2013-11-01,93.155
2013-11-04,92.9359
2013-11-05,93.2112
2013-11-06,93.0943
2013-11-07,93.4003
2013-11-08,93.6619
2013-11-12,93.7651
2013-11-13,93.4848
2013-11-14,93.4328
2013-11-15,93.2854
2013-11-18,92.9824
2013-11-19,93.0649
2013-11-20,93.2501
2013-11-21,93.5638
2013-11-22,93.4198
2013-11-25,93.5539
2013-11-26,93.5226
2013-11-27,93.6864
2013-11-29,93.6291
2013-12-02,93.8856
2013-12-03,93.8251
2013-12-04,93.8997
2013-12-05,93.4954
2013-12-06,93.4045
2013-12-09,93.1444
2013-12-11,93.0842
2013-12-12,93.4292
2013-12-13,93.3568
2013-12-16,93.2175
2013-12-17,93.302
2013-12-18,93.4207
2013-12-19,93.7368
2013-12-20,93.7211
2013-12-23,93.572
2013-12-24,93.6734
2013-12-26,93.766
2013-12-27,93.7018
2013-12-30,93.4866
2013-12-31,93.5576
2014-01-02,93.8192
2014-01-03,93.853
2014-01-06,93.9109
2014-01-07,94.0398
2014-01-08,94.2181
2014-01-09,94.3299
2014-01-10,94.0045
2014-01-13,93.899
2014-01-14,94.0303
2014-01-15,94.341
2014-01-16,94.5507
2014-01-17,94.5846
2014-01-21,94.679
2014-01-22,94.8479
2014-01-23,94.8415
2014-01-24,94.8555
2014-01-27,94.9059
2014-01-28,94.88
2014-01-29,94.8621
2014-01-30,95.1294
2014-01-31,95.1774
2014-02-03,95.2469
2014-02-04,95.0438
2014-02-05,95.0285
2014-02-06,94.7177
2014-02-07,94.7457
2014-02-10,94.7189
2014-02-11,94.6377
2014-02-12,94.6209
2014-02-14,94.2711
2014-02-18,94.1934
2014-02-19,94.38
2014-02-20,94.6571
2014-02-24,94.4042
2014-02-25,94.4735
2014-02-26,94.7754
2014-02-27,94.6722
2014-02-28,94.3879
2014-03-04,94.6568
2014-03-05,94.4679
2014-03-06,93.9858
2014-03-07,94.2532
2014-03-10,94.3731
2014-03-11,94.387
2014-03-12,94.462
2014-03-13,94.1872
2014-03-14,94.243
2014-03-18,94.2631
2014-03-19,94.3752
2014-03-20,94.9986
2014-03-21,94.8547
2014-03-24,94.759
2014-03-25,94.6379
2014-03-26,94.5281
2014-03-27,94.3315
2014-03-28,94.3683
2014-03-31,94.2432
2014-04-01,94.1244
2014-04-02,94.3103
2014-04-03,94.512
2014-04-04,94.2191
2014-04-07,94.0881
2014-04-08,93.6579
2014-04-09,93.6716
2014-04-10,93.5123
2014-04-11,93.6395
2014-04-14,93.8046
2014-04-15,93.9486
2014-04-16,93.9461
2014-04-17,93.8936
2014-04-18,93.9629
2014-04-21,94.0337
2014-04-22,94.0802
2014-04-23,94.149
2014-04-24,94.1294
2014-04-25,94.1623
2014-04-28,94.1374
2014-04-29,94.0295
2014-04-30,93.8896
2014-05-01,93.8707
2014-05-02,93.8182
2014-05-05,93.7334
2014-05-06,93.4324
2014-05-07,93.4337
2014-05-08,93.3686
2014-05-09,93.6614
2014-05-12,93.6537
2014-05-13,93.6755
2014-05-14,93.5968
2014-05-15,93.7065
2014-05-16,93.6073
2014-05-19,93.502
2014-05-20,93.6699
2014-05-21,93.7629
2014-05-22,93.6944
2014-05-23,93.7042
2014-05-27,93.8418
2014-05-28,93.8793
2014-05-29,93.6973
2014-05-30,93.7606
2014-06-02,94.0006
2014-06-03,94.0536
2014-06-04,94.1239
2014-06-05,93.9732
2014-06-06,93.9069
2014-06-09,93.9628
2014-06-10,94.0638
2014-06-11,93.9744
2014-06-12,93.8155
2014-06-13,93.9168
2014-06-16,93.8639
2014-06-17,94.0829
2014-06-18,94.0525
2014-06-19,93.752
2014-06-20,93.7591
2014-06-23,93.628
2014-06-24,93.7093
2014-06-25,93.5851
2014-06-26,93.5471
2014-06-27,93.3983
2014-06-30,93.2058
2014-07-01,93.1365
2014-07-02,93.2478
2014-07-03,93.3149
2014-07-07,93.3803
2014-07-08,93.323
2014-07-09,93.228
2014-07-10,93.3152
2014-07-11,93.4171
2014-07-14,93.4101
2014-07-15,93.5796
2014-07-16,93.5991
2014-07-17,93.6586
2014-07-18,93.6608
2014-07-21,93.6069
2014-07-22,93.6306
2014-07-23,93.5951
2014-07-24,93.6836
2014-07-25,93.8294
2014-07-28,93.83
2014-07-29,94.0443
2014-07-30,94.3473
2014-07-31,94.4467
2014-08-01,94.4754
2014-08-04,94.448
2014-08-05,94.6754
2014-08-06,94.6092
2014-08-07,94.6364
2014-08-08,94.6027
2014-08-11,94.4767
2014-08-12,94.5211
2014-08-13,94.4681
2014-08-14,94.3508
2014-08-15,94.2941
2014-08-18,94.2519
2014-08-19,94.4356
2014-08-20,94.5937
2014-08-21,94.673
2014-08-22,94.8012
2014-08-25,94.9159
2014-08-26,94.8617
2014-08-27,94.6863
2014-08-28,94.6947
2014-08-29,94.7251
2014-09-02,95.063
2014-09-03,94.8709
2014-09-04,95.2641
2014-09-05,95.2203
2014-09-08,95.4167
2014-09-09,95.8811
2014-09-10,95.8641
2014-09-11,95.9184
2014-09-12,96.0748
2014-09-15,96.1195
2014-09-16,95.8483
2014-09-17,95.9106
2014-09-18,96.1284
2014-09-19,96.3417
2014-09-22,96.4625
2014-09-23,96.5112
2014-09-24,96.6574
2014-09-25,96.8988
2014-09-26,97.208
2014-09-29,97.3523
2014-09-30,97.5261
2014-10-01,97.5387
2014-10-02,97.3062
2014-10-03,97.9846
2014-10-06,97.5513
2014-10-07,97.4459
2014-10-08,97.4945
2014-10-09,97.1711
2014-10-10,97.4144
2014-10-14,97.3943
2014-10-15,97.3532
2014-10-16,97.2869
2014-10-17,97.3067
2014-10-20,97.2874
2014-10-21,97.2488
2014-10-22,97.459
2014-10-23,97.6047
2014-10-24,97.4772
2014-10-27,97.5423
2014-10-28,97.2173
2014-10-29,97.0145
2014-10-30,97.456
2014-10-31,98.1163
2014-11-03,98.5336
2014-11-04,98.5576
2014-11-05,98.8086
2014-11-06,99.1325
2014-11-07,99.0236
2014-11-10,98.9305
2014-11-12,98.8897
2014-11-13,99.1045
2014-11-14,99.0917
2014-11-17,99.2188
2014-11-18,99.0185
2014-11-19,99.2424
2014-11-20,99.2554
2014-11-21,99.2894
2014-11-24,99.4227
2014-11-25,99.2837
2014-11-26,99.1893
2014-11-28,100.0719
2014-12-01,99.8964
2014-12-02,100.4478
2014-12-03,100.5696
2014-12-04,100.3931
2014-12-05,101.0989
2014-12-08,101.31
2014-12-09,100.8095
2014-12-10,101.0212
2014-12-11,101.4448
2014-12-12,101.3735
2014-12-15,101.674
2014-12-16,101.526
2014-12-17,101.5527
2014-12-18,101.7531
2014-12-19,102.0483
2014-12-22,101.9942
2014-12-23,102.348
2014-12-24,102.3028
2014-12-29,102.3767
2014-12-30,102.1019
2014-12-31,102.2843
2015-01-02,102.9027
2015-01-05,103.4976
2015-01-06,103.2938
2015-01-07,103.6316
2015-01-08,103.2799
2015-01-09,103.1213
2015-01-12,103.2372
2015-01-13,103.27
2015-01-14,103.0903
2015-01-15,103.0829
2015-01-16,103.2189
2015-01-20,103.5233
2015-01-21,103.7858
2015-01-22,103.9271
2015-01-23,104.3676
2015-01-26,104.4818
2015-01-27,104.1646
2015-01-28,104.4737
2015-01-29,105.2763
2015-01-30,105.5884
2015-02-02,105.2058
2015-02-03,104.6063
2015-02-04,104.785
2015-02-05,104.4915
2015-02-06,105.1283
2015-02-09,104.9889
2015-02-10,105.2897
2015-02-11,105.7901
2015-02-12,104.9385
2015-02-13,104.8452
2015-02-18,105.2514
2015-02-19,105.1407
2015-02-20,105.3387
2015-02-23,105.5359
2015-02-24,105.5472
2015-02-25,105.0503
2015-02-26,105.5021
2015-02-27,105.5981
2015-03-02,105.8151
2015-03-03,105.5562
2015-03-04,106.1333
2015-03-06,107.4337
2015-03-09,107.5199
2015-03-10,108.1165
2015-03-11,108.5235
2015-03-12,108.1741
2015-03-13,108.9174
2015-03-16,108.6422
2015-03-17,108.5805
2015-03-18,108.408
2015-03-19,108.1826
2015-03-20,107.1671
2015-03-23,106.5022
2015-03-24,106.4401
2015-03-25,106.2636
2015-03-26,106.5582
2015-03-27,106.8916
2015-03-30,107.3941
2015-03-31,107.4396
2015-04-01,107.06
2015-04-02,106.6738
2015-04-03,105.8861
2015-04-06,105.7876
2015-04-07,106.4488
2015-04-08,106.4231
2015-04-09,107.0335
2015-04-10,107.4526
2015-04-13,107.7508
2015-04-14,107.0547
2015-04-15,107.1855
2015-04-16,106.2761
2015-04-17,106.329
2015-04-20,106.4902
2015-04-21,106.5582
2015-04-22,106.5815
2015-04-23,106.1658
2015-04-24,105.905
2015-04-27,105.6891
2015-04-28,105.1234
2015-04-29,104.5634
2015-04-30,105.312
2015-05-01,105.6382
2015-05-04,105.6679
2015-05-05,105.2396
2015-05-06,104.6935
2015-05-07,105.1941
2015-05-08,104.8424
2015-05-11,105.3075
2015-05-12,104.8924
2015-05-13,104.3608
2015-05-14,104.2359
2015-05-15,104.0202
2015-05-18,104.6068
2015-05-19,105.3448
2015-05-20,105.5605
2015-05-21,105.3808
2015-05-22,105.8487
2015-05-26,106.7294
2015-05-27,106.908
2015-05-28,106.92
2015-05-29,106.7388
2015-06-01,107.2238
2015-06-02,106.4507
2015-06-03,106.1443
2015-06-04,106.4725
2015-06-05,107.1336
2015-06-08,106.7693
2015-06-09,106.2238
2015-06-10,105.8037
2015-06-11,106.0934
2015-06-12,105.9015
2015-06-15,105.9989
2015-06-16,106.0473
2015-06-17,106.058
2015-06-18,105.102
2015-06-19,105.4496
2015-06-22,105.3846
2015-06-23,105.9678
2015-06-24,106.2522
2015-06-25,106.1515
2015-06-26,106.4116
2015-06-29,106.3785
2015-06-30,106.5191
2015-07-01,107.0101
2015-07-02,106.9106
2015-07-06,107.1343
2015-07-07,107.785
2015-07-08,107.4734
2015-07-09,107.5595
2015-07-10,107.213
2015-07-13,107.5849
2015-07-14,107.4843
2015-07-15,108.0149
2015-07-16,108.1726
2015-07-17,108.5374
2015-07-20,108.6944
2015-07-21,108.3893
2015-07-22,108.7817
2015-07-23,108.7565
2015-07-24,109.0174
2015-07-27,108.6924
2015-07-28,108.6881
2015-07-29,108.604
2015-07-30,109.4328
2015-07-31,108.7819
2015-08-03,109.214
2015-08-04,109.2244
2015-08-05,109.842
2015-08-06,109.722
2015-08-07,109.4376
2015-08-10,109.1931
2015-08-11,109.9464
2015-08-12,109.4655
2015-08-13,109.9025
2015-08-14,109.9174
2015-08-17,110.1435
2015-08-18,110.2504
2015-08-19,110.4333
2015-08-20,110.1077
2015-08-21,110.1443
2015-08-24,109.9306
2015-08-25,110.3394
2015-08-26,110.5807
2015-08-27,110.4834
2015-08-28,110.6714
2015-08-31,110.5621
2015-09-01,110.4506
2015-09-02,110.7979
2015-09-03,110.8566
2015-09-04,111.1018
2015-09-08,110.7942
2015-09-09,110.9225
2015-09-10,110.6331
2015-09-11,110.6109
2015-09-14,110.5005
2015-09-15,110.6394
2015-09-16,110.1021
2015-09-17,110.1212
2015-09-18,109.8165
2015-09-21,110.6414
2015-09-22,111.1967
2015-09-23,111.6287
2015-09-24,111.4454
2015-09-25,111.3725
2015-09-28,111.3914
2015-09-29,111.5219
2015-09-30,111.3311
2015-10-01,111.0439
2015-10-02,110.7006
2015-10-05,110.4445
2015-10-06,110.1371
2015-10-07,109.8162
2015-10-08,109.6452
2015-10-09,109.0782
2015-10-13,109.4119
2015-10-14,109.1244
2015-10-15,108.6671
2015-10-16,108.9956
2015-10-19,109.3858
2015-10-20,109.3368
2015-10-21,109.7746
2015-10-22,110.0342
2015-10-23,110.4329
2015-10-26,110.2089
2015-10-27,110.4875
2015-10-28,110.2334
2015-10-29,110.8083
2015-10-30,110.2079
2015-11-02,110.2188
2015-11-03,110.244
2015-11-04,110.7139
2015-11-05,110.8302
2015-11-06,111.7603
2015-11-09,111.9112
2015-11-10,111.9919
2015-11-12,111.7965
2015-11-13,112.0264
2015-11-16,112.2199
2015-11-17,112.3141
2015-11-18,112.3663
2015-11-19,111.5749
2015-11-20,111.7799
2015-11-23,112.1125
2015-11-24,111.7638
2015-11-25,111.8936
2015-11-27,112.2824
2015-11-30,112.34
2015-12-01,112.1134
2015-12-02,112.3715
2015-12-03,111.6407
2015-12-04,111.5463
2015-12-07,112.3056
2015-12-08,112.5485
2015-12-09,112.1918
2015-12-10,112.2672
2015-12-11,112.7147
2015-12-14,112.7521
2015-12-15,112.8609
2015-12-16,112.9864
2015-12-17,113.8177
2015-12-18,113.2837
2015-12-21,113.4144
2015-12-22,113.211
2015-12-23,113.1847
2015-12-24,113.0496
2015-12-28,113.0461
2015-12-29,113.1664
2015-12-30,113.4707
2015-12-31,113.3429
2016-01-04,114.1595
2016-01-05,114.2649
2016-01-06,114.6177
2016-01-07,114.6516
2016-01-08,115.0095
2016-01-11,115.0139
2016-01-12,115.3128
2016-01-13,115.1425
2016-01-14,115.3846
2016-01-15,115.7404
2016-01-19,115.8155
2016-01-20,116.3498
2016-01-21,115.9833
2016-01-27,115.5087
2016-01-28,115.2224
2016-01-29,115.5731
2016-02-01,115.3331
2016-02-02,115.553
2016-02-03,114.6144
2016-02-04,113.6012
2016-02-05,114.2935
2016-02-08,114.4351
2016-02-09,114.127
2016-02-10,114.2877
2016-02-11,114.1845
2016-02-12,114.2992
2016-02-16,114.4905
2016-02-17,113.8634
2016-02-18,113.8897
2016-02-19,113.9558
2016-02-22,113.8232
2016-02-23,114.177
2016-02-24,114.1716
2016-02-25,113.9222
2016-02-26,114.3708
2016-02-29,114.2418
2016-03-01,113.9265
2016-03-02,113.7965
2016-03-03,113.2482
2016-03-04,112.6387
2016-03-07,112.6219
2016-03-08,112.8465
2016-03-09,112.4268
2016-03-10,112.4191
2016-03-11,111.741
2016-03-14,112.1688
2016-03-15,112.5545
2016-03-16,112.7759
2016-03-17,110.445
2016-03-18,110.4002
2016-03-21,110.737
2016-03-22,110.7877
2016-03-23,111.5473
2016-03-24,111.816
2016-03-25,111.7698
2016-03-28,111.3578
2016-03-29,111.3736
2016-03-30,110.2301
2016-03-31,109.9191
2016-04-01,110.2977
2016-04-04,110.3987
2016-04-05,110.9478
2016-04-06,110.5347
2016-04-07,110.8876
2016-04-08,110.4213
2016-04-11,109.9758
2016-04-12,109.816
2016-04-13,110.1436
2016-04-14,110.1691
2016-04-15,110.1933
2016-04-18,109.9892
2016-04-19,109.2782
2016-04-20,109.3926
2016-04-21,109.8533
2016-04-22,110.2331
2016-04-25,110.1865
2016-04-26,109.7496
2016-04-27,109.8483
2016-04-28,109.2148
2016-04-29,108.8274
2016-05-02,108.671
2016-05-03,109.3613
2016-05-04,109.9952
2016-05-05,110.2417
2016-05-06,110.3801
2016-05-09,110.9466
2016-05-10,110.8225
2016-05-11,110.2806
2016-05-12,110.6935
2016-05-13,111.2521
2016-05-16,111.1217
2016-05-17,111.0867
2016-05-18,111.4995
2016-05-19,112.2331
2016-05-20,112.1822
2016-05-23,112.284
2016-05-24,112.2912
2016-05-25,112.2001
2016-05-26,111.8979
2016-05-27,112.0822
2016-05-31,112.4276
2016-06-01,112.462
2016-06-02,112.4564
2016-06-03,111.4451
2016-06-06,111.2295
2016-06-07,110.8378
2016-06-08,110.1916
2016-06-09,110.6168
2016-06-10,111.1027
2016-06-13,111.5036
2016-06-14,111.9826
2016-06-15,111.7671
2016-06-16,112.2347
2016-06-17,111.5332
2016-06-20,110.8693
2016-06-21,111.0077
2016-06-22,110.7681
2016-06-23,110.262
2016-06-24,112.1355
2016-06-27,113.1301
2016-06-28,112.7545
2016-06-29,111.8597
2016-06-30,112.1618
2016-07-01,111.6509
2016-07-05,112.4231
2016-07-06,112.5438
2016-07-07,112.5775
2016-07-08,112.3963
2016-07-11,112.5254
2016-07-12,112.1102
2016-07-13,112.0266
2016-07-14,111.7692
2016-07-15,112.2833
2016-07-18,112.2463
2016-07-19,112.638
2016-07-20,112.6743
2016-07-21,112.6239
2016-07-22,112.989
2016-07-25,113.1784
2016-07-26,113.0593
2016-07-27,113.217
2016-07-28,112.7393
2016-07-29,111.874
2016-08-01,111.9757
2016-08-02,111.7124
2016-08-03,111.9419
2016-08-04,111.9149
2016-08-05,112.3589
2016-08-08,112.1456
2016-08-09,111.722
2016-08-10,111.3238
2016-08-11,111.1954
2016-08-12,111.1787
2016-08-15,110.9212
2016-08-16,110.4295
2016-08-17,110.9459
2016-08-18,110.3134
2016-08-19,110.8163
2016-08-22,110.9997
2016-08-23,110.9414
2016-08-24,111.2958
2016-08-25,111.1726
2016-08-26,111.2035
2016-08-29,111.8775
2016-08-30,112.2928
2016-08-31,112.4036
2016-09-01,112.1733
2016-09-02,112.0009
2016-09-06,110.9613
2016-09-07,110.9717
2016-09-08,111.2609
2016-09-09,111.9879
2016-09-12,112.1516
2016-09-13,112.5207
2016-09-14,112.4678
2016-09-15,112.4753
2016-09-16,113.1765
2016-09-19,112.903
2016-09-20,113.1848
2016-09-21,112.9842
2016-09-22,112.2592
2016-09-23,112.7166
2016-09-26,112.7112
2016-09-27,112.5515
2016-09-28,112.6283
2016-09-29,112.2879
2016-09-30,112.2795
2016-10-03,112.5077
2016-10-04,112.6579
2016-10-05,112.7946
2016-10-06,113.0066
2016-10-07,113.2915
2016-10-11,113.4461
2016-10-12,113.7442
2016-10-13,113.6238
2016-10-14,113.7119
2016-10-17,113.5488
2016-10-18,113.1393
2016-10-19,113.0547
2016-10-20,113.4033
2016-10-21,113.9015
2016-10-24,113.8571
2016-10-25,113.6801
2016-10-26,113.8131
2016-10-27,114.1998
2016-10-28,114.0931
2016-10-31,114.0188
2016-11-01,113.9915
2016-11-02,113.9206
2016-11-03,113.7664
2016-11-04,113.5828
2016-11-07,113.5443
2016-11-08,113.3017
2016-11-09,114.6956
2016-11-10,115.9375
2016-11-14,117.2245
2016-11-15,116.7724
2016-11-16,116.8062
2016-11-17,116.8952
2016-11-18,117.5936
2016-11-21,117.4762
2016-11-22,117.4508
2016-11-23,118.0356
2016-11-25,118.02
2016-11-28,117.7278
2016-11-29,117.644
2016-11-30,117.7636
2016-12-01,117.6642
2016-12-02,117.3116
2016-12-05,117.1008
2016-12-06,116.9225
2016-12-07,116.672
2016-12-08,117.0327
2016-12-09,117.2834
2016-12-12,116.9161
2016-12-13,116.8029
2016-12-14,116.7332
2016-12-15,118.8072
2016-12-16,118.3584
2016-12-19,118.3875
2016-12-20,118.63
2016-12-21,118.581
2016-12-22,118.8209
2016-12-23,118.7856
2016-12-27,118.9506
2016-12-28,119.2305
2016-12-29,118.6637
2016-12-30,118.3466
2017-01-03,119.0903
2017-01-04,118.8803
2017-01-05,117.9999
2017-01-06,118.3495
2017-01-09,118.4111
2017-01-10,118.5386
2017-01-11,119.0219
2017-01-12,117.8001
2017-01-13,117.9884
2017-01-17,117.2656
2017-01-18,117.7242
2017-01-19,118.3182
2017-01-23,117.2479
2017-01-24,117.0516
2017-01-25,116.9355
2017-01-26,117.2766
2017-01-27,117.0735
2017-01-30,116.7325
2017-01-31,116.2241
2017-02-01,116.3914
2017-02-02,115.903
2017-02-03,115.6259
2017-02-06,116.0504
2017-02-07,116.4082
2017-02-08,116.1382
2017-02-09,116.306
2017-02-10,116.148
2017-02-13,116.3427
2017-02-14,116.3949
2017-02-15,116.2162
2017-02-16,116.0067
2017-02-17,116.4035
2017-02-21,116.5921
2017-02-22,116.2136
2017-02-23,115.6527
2017-02-24,115.8143
2017-02-27,115.6764
2017-02-28,116.0032
2017-03-01,116.438
2017-03-02,116.8429
2017-03-03,116.6438
2017-03-06,116.4313
2017-03-07,116.4303
2017-03-08,116.875
2017-03-09,116.9959
2017-03-10,116.616
2017-03-13,116.4004
2017-03-14,116.5646
2017-03-15,116.3584
2017-03-16,115.4456
2017-03-17,115.2783
2017-03-20,115.0426
2017-03-21,114.8119
2017-03-22,114.7937
2017-03-23,114.7899
2017-03-24,114.6372
2017-03-27,114.2347
2017-03-28,114.419
2017-03-29,114.7167
2017-03-30,114.5245
2017-03-31,114.7938
2017-04-03,114.8734
2017-04-04,115.0038
2017-04-05,114.9494
2017-04-06,115.0181
2017-04-07,115.0547
2017-04-10,115.11
2017-04-11,115.009
2017-04-12,114.9162
2017-04-13,114.5059
2017-04-14,114.5368
2017-04-17,114.3283
2017-04-18,114.2575
2017-04-19,114.7923
2017-04-20,114.6205
2017-04-21,114.8128
2017-04-24,114.3659
2017-04-25,114.5111
2017-04-26,114.9479
2017-04-27,114.9946
2017-04-28,114.7877
2017-05-01,114.5921
2017-05-02,114.6792
2017-05-03,114.6637
2017-05-04,114.9076
2017-05-05,114.7725
2017-05-08,115.0895
2017-05-09,115.3933
2017-05-10,115.1145
2017-05-11,115.0669
2017-05-12,114.7479
2017-05-15,114.3504
2017-05-16,113.9923
2017-05-17,113.7506
2017-05-18,114.2683
2017-05-19,113.7001
2017-05-22,113.5442
2017-05-23,113.6862
2017-05-24,113.675
2017-05-25,113.3719
2017-05-26,113.4839
2017-05-30,113.5552
2017-05-31,113.2956
2017-06-01,113.3017
2017-06-02,113.1908
2017-06-05,112.9755
2017-06-06,112.7095
2017-06-07,112.8191
2017-06-08,112.8351
2017-06-09,112.9562
2017-06-12,112.9837
2017-06-13,112.6271
2017-06-14,112.0734
2017-06-15,112.8708
2017-06-16,112.6155
2017-06-19,112.7576
2017-06-20,113.2698
2017-06-21,113.3327
2017-06-22,113.1654
2017-06-23,112.8665
2017-06-26,112.7633
2017-06-27,112.55
2017-06-28,112.0747
2017-06-29,111.998
2017-06-30,111.9896
2017-07-03,112.4268
2017-07-05,112.6534
2017-07-06,112.4199
2017-07-07,112.3137
2017-07-10,112.1587
2017-07-11,112.1434
2017-07-12,111.5904
2017-07-13,111.5365
2017-07-14,110.9075
2017-07-17,110.9304
2017-07-18,110.4356
2017-07-19,110.4339
2017-07-20,110.2512
2017-07-21,110.191
2017-07-24,110.2004
2017-07-25,110.2835
2017-07-26,110.3811
2017-07-27,110.216
2017-07-28,109.92
2017-07-31,109.8177
2017-08-01,109.8495
2017-08-02,109.7503
2017-08-03,109.8332
2017-08-04,110.2808
2017-08-07,110.373
2017-08-08,110.396
2017-08-09,110.3671
2017-08-10,110.1886
2017-08-11,110.0422
2017-08-14,110.095
2017-08-15,110.4846
2017-08-16,110.4394
2017-08-17,110.1673
2017-08-18,110.041
2017-08-21,109.7349
2017-08-22,109.8386
2017-08-23,109.8095
2017-08-24,109.7524
2017-08-25,109.3415
2017-08-28,109.1815
2017-08-29,109.0946
2017-08-30,109.4052
2017-08-31,109.3686
2017-09-01,109.0504
2017-09-05,108.8664
2017-09-06,108.4897
2017-09-07,107.9224
2017-09-08,107.808
2017-09-11,108.153
2017-09-12,108.3239
2017-09-13,108.6628
2017-09-14,108.618
2017-09-15,108.3147
2017-09-18,108.6401
2017-09-19,108.6142
2017-09-20,108.4329
2017-09-21,108.9267
2017-09-22,108.7542
2017-09-25,109.3302
2017-09-26,109.7769
2017-09-27,110.0722
2017-09-28,110.2415
2017-09-29,110.0867
2017-10-02,110.3686
2017-10-03,110.3281
2017-10-04,110.2425
2017-10-05,110.5823
2017-10-06,110.7841
2017-10-10,110.3034
2017-10-11,110.3037
2017-10-12,110.3152
2017-10-13,110.2669
2017-10-16,110.5432
2017-10-17,110.9141
2017-10-18,110.7214
2017-10-19,110.4577
2017-10-20,111.0375
2017-10-23,111.2134
2017-10-24,111.4027
2017-10-25,111.3904
2017-10-26,111.6418
2017-10-27,112.1495
2017-10-30,111.901
2017-10-31,111.8052
2017-11-01,111.7942
2017-11-02,111.5474
2017-11-03,111.9383
2017-11-06,111.7197
2017-11-07,111.9446
2017-11-08,111.6935
2017-11-09,111.5626
2017-11-13,111.7833
2017-11-14,111.5097
2017-11-15,111.4809
2017-11-16,111.2568
2017-11-17,111.0016
2017-11-20,111.2599
2017-11-21,110.9828
2017-11-22,110.5632
2017-11-24,110.0253
2017-11-27,110.1136
2017-11-28,110.3018
2017-11-29,110.3265
2017-11-30,110.4648
2017-12-01,110.1413
2017-12-04,110.397
2017-12-05,110.4905
2017-12-06,110.8711
2017-12-07,111.0178
2017-12-08,111.2273
2017-12-11,111.0827
2017-12-12,111.5214
2017-12-13,111.2759
2017-12-14,111.0893
2017-12-15,111.1286
2017-12-18,110.9086
2017-12-19,111.1255
2017-12-20,110.8361
2017-12-21,110.8786
2017-12-22,111.0997
2017-12-26,110.9758
2017-12-27,110.8553
2017-12-28,110.5154
2017-12-29,110.0783
2018-01-02,109.6444
2018-01-03,109.6751
2018-01-04,109.4779
2018-01-05,109.3496
2018-01-08,109.5678
2018-01-09,109.9022
2018-01-10,109.6277
2018-01-11,109.4887
2018-01-12,108.9011
2018-01-16,108.322
2018-01-17,108.1526
2018-01-18,108.0655
2018-01-19,107.9454
2018-01-22,108.1069
2018-01-23,107.9981
2018-01-24,107.0801
2018-01-25,106.5052
2018-01-26,106.6909
2018-01-29,107.1141
2018-01-30,107.1063
2018-01-31,106.7695
2018-02-01,106.4877
2018-02-02,107.1154
2018-02-05,107.3303
2018-02-06,107.5206
2018-02-07,107.7173
2018-02-08,108.3021
2018-02-09,108.2579
2018-02-12,108.0332
2018-02-13,107.7575
2018-02-14,107.4693
2018-02-15,106.9869
2018-02-16,107.0359
2018-02-20,107.6248
2018-02-21,107.8679
2018-02-22,107.8668
2018-02-23,107.6802
2018-02-26,107.7345
2018-02-27,108.1729
2018-02-28,108.3901
2018-03-01,108.5357
2018-03-05,108.3617
2018-03-06,107.7972
2018-03-07,108.0916
2018-03-08,108.2673
2018-03-09,107.9231
2018-03-12,107.9439
2018-03-13,107.7387
2018-03-14,107.8625
2018-03-15,108.2033
2018-03-16,108.4333
2018-03-19,108.3146
2018-03-20,108.4953
2018-03-22,107.9934
2018-03-23,107.7495
2018-03-26,107.182
2018-03-27,107.3361
2018-03-28,107.5733
2018-03-29,107.665
2018-03-30,107.4783
2018-04-02,107.7031
2018-04-03,107.5621
2018-04-04,107.636
2018-04-05,107.7279
2018-04-06,107.7884
2018-04-09,107.5312
2018-04-10,107.3651
2018-04-11,107.1216
2018-04-12,107.2897
2018-04-13,107.2359
2018-04-16,107.0588
2018-04-17,107.0335
2018-04-18,107.1091
2018-04-19,107.5191
2018-04-20,108.1782
2018-04-23,108.9328
2018-04-24,108.7903
2018-04-25,109.3443
2018-04-26,109.3639
2018-04-27,109.1729
2018-04-30,109.3356
2018-05-01,109.7437
2018-05-02,110.1616
2018-05-03,110.1796
2018-05-04,110.2492
2018-05-07,110.5713
2018-05-08,111.062
2018-05-09,110.8807
2018-05-10,110.4041
2018-05-11,110.2839
2018-05-14,110.4073
2018-05-15,111.2283
2018-05-16,111.3057
2018-05-17,111.3537
2018-05-18,111.7161
2018-05-21,111.6385
2018-05-22,111.1934
2018-05-23,111.6919
2018-05-24,111.4871
2018-05-25,111.5828
2018-05-29,112.2108
2018-05-30,111.6717
2018-05-31,111.988
2018-06-01,111.8253
2018-06-04,111.8235
2018-06-05,112.2628
2018-06-06,111.7517
2018-06-07,112.0719
2018-06-08,112.1057
2018-06-11,112.1097
2018-06-12,112.2129
2018-06-13,112.2569
2018-06-14,112.8581
2018-06-15,113.3369
2018-06-18,113.4889
2018-06-19,113.6379
2018-06-20,113.4774
2018-06-21,113.61
2018-06-22,113.3039
2018-06-25,113.2854
2018-06-26,113.301
2018-06-27,113.8964
2018-06-28,113.8399
2018-06-29,113.2583
2018-07-02,114.1669
2018-07-03,113.3217
2018-07-05,112.9756
2018-07-06,112.6426
2018-07-09,112.6423
2018-07-10,112.5792
2018-07-11,112.8582
2018-07-12,112.779
2018-07-13,113.0705
2018-07-16,112.8438
2018-07-17,113.1504
2018-07-18,113.3349
2018-07-19,113.9464
2018-07-20,113.3214
2018-07-23,113.4248
2018-07-24,113.2043
2018-07-25,112.9217
2018-07-26,112.9175
2018-07-27,112.8122
2018-07-30,112.6043
2018-07-31,112.7297
2018-08-01,112.8897
2018-08-02,113.1674
2018-08-03,113.0114
2018-08-06,113.2283
2018-08-07,112.9753
2018-08-08,113.1404
2018-08-09,113.3797
2018-08-10,114.2992
2018-08-13,114.8497
2018-08-14,114.6566
2018-08-15,115.1512
2018-08-16,114.6403
2018-08-17,114.5327
2018-08-20,114.3493
2018-08-21,113.8595
2018-08-22,113.6622
2018-08-23,114.0926
2018-08-24,113.598
2018-08-27,113.2717
2018-08-28,113.3441
2018-08-29,113.6458
2018-08-30,114.0895
2018-08-31,114.275
2018-09-04,114.858
2018-09-05,114.7474
2018-09-06,114.6473
2018-09-07,114.5807
2018-09-10,114.6793
2018-09-11,114.7044
2018-09-12,114.2185
2018-09-13,113.9264
2018-09-14,114.0654
2018-09-17,113.9154
2018-09-18,113.7735
2018-09-19,113.6528
2018-09-20,113.4986
2018-09-21,113.5097
2018-09-24,113.53
2018-09-25,113.7203
2018-09-26,113.6738
2018-09-27,113.9782
2018-09-28,113.8072
2018-10-01,113.8227
2018-10-02,113.8946
2018-10-03,114.1559
2018-10-04,114.6857
2018-10-05,114.5599
2018-10-09,114.6568
2018-10-10,114.6059
2018-10-11,114.4062
2018-10-12,114.368
2018-10-15,114.044
2018-10-16,113.8952
2018-10-17,114.1743
2018-10-18,114.8152
2018-10-19,114.8557
2018-10-22,115.1772
2018-10-23,115.1641
2018-10-24,115.3743
2018-10-25,115.4818
2018-10-26,115.4717
2018-10-29,115.8925
2018-10-30,116.2346
2018-10-31,116.5268
2018-11-01,115.8643
2018-11-02,115.6415
2018-11-05,115.7015
2018-11-06,115.5607
2018-11-07,115.2505
2018-11-08,115.6463
2018-11-09,116.4762
2018-11-13,116.6676
2018-11-14,116.4964
2018-11-15,116.3849
2018-11-16,115.9246
2018-11-19,115.985
2018-11-20,116.2357
2018-11-21,116.0911
2018-11-23,116.4703
2018-11-26,116.6198
2018-11-27,116.8991
2018-11-28,116.8333
2018-11-29,116.1954
2018-11-30,116.4121
2018-12-03,115.9046
2018-12-04,116.0015
2018-12-06,116.3983
2018-12-07,116.0839
2018-12-10,116.6739
2018-12-11,116.7556
2018-12-12,116.2205
2018-12-13,116.3967
2018-12-14,116.7891
2018-12-17,116.4524
2018-12-18,116.4122
2018-12-19,116.0672
2018-12-20,116.0179
2018-12-21,116.2221
2018-12-24,116.2177
2018-12-26,116.1156
2018-12-27,115.9922
2018-12-28,115.7226
2018-12-31,115.5667
2019-01-02,115.7676
2019-01-03,115.4611
2019-01-04,114.9813
2019-01-07,114.5621
2019-01-08,114.7272
2019-01-09,114.1394
2019-01-10,114.048
2019-01-11,114.0383
2019-01-15,114.3374
2019-01-16,114.1341
2019-01-17,114.4087
2019-01-18,114.5555
2019-01-22,114.7515
2019-01-23,114.5732
2019-01-24,114.614
2019-01-25,114.0168
2019-01-28,114.0493
2019-01-29,114.0227
2019-01-30,114.0705
2019-01-31,113.5476
2019-02-01,113.7524
2019-02-04,113.8738
2019-02-05,114.0404
2019-02-06,114.2275
2019-02-07,114.4308
2019-02-08,114.4975
2019-02-11,115.0288
2019-02-12,114.7278
2019-02-13,114.9388
2019-02-14,115.0984
2019-02-15,114.9899
2019-02-19,114.5676
2019-02-21,114.507
2019-02-22,114.2692
2019-02-25,114.1432
2019-02-26,114.0662
2019-02-27,114.0337
2019-02-28,114.1971
2019-03-01,114.535
2019-03-04,114.6903
2019-03-05,114.8019
2019-03-06,114.9697
2019-03-07,115.4905
2019-03-08,115.3585
2019-03-11,115.2953
2019-03-12,114.9376
2019-03-13,114.7361
2019-03-14,114.7891
2019-03-15,114.5808
2019-03-18,114.4368
2019-03-19,114.2313
2019-03-20,114.1497
2019-03-21,114.1672
2019-03-22,114.6845
2019-03-25,114.4158
2019-03-26,114.6404
2019-03-27,115.1236
2019-03-28,115.2575
2019-03-29,115.1364
2019-04-01,114.935
2019-04-02,115.1164
2019-04-03,114.7204
2019-04-04,114.9687
2019-04-05,114.9714
2019-04-08,114.6879
2019-04-09,114.5307
2019-04-10,114.4255
2019-04-11,114.629
2019-04-12,114.3517
2019-04-15,114.4936
2019-04-16,114.6745
2019-04-17,114.5128
2019-04-18,114.7057
2019-04-19,114.6961
2019-04-22,114.7679
2019-04-23,115.1563
2019-04-24,115.4172
2019-04-25,115.7692
2019-04-26,115.4749
2019-04-29,115.5213
2019-04-30,115.3268
2019-05-01,115.0008
2019-05-02,115.5607
2019-05-03,115.2635
2019-05-06,115.38
2019-05-07,115.6104
2019-05-08,115.5161
2019-05-09,115.8414
2019-05-10,115.5327
2019-05-13,115.9142
2019-05-14,115.942
2019-05-15,115.8561
2019-05-16,116.0343
2019-05-17,116.4481
2019-05-20,116.3126
2019-05-21,116.2847
2019-05-22,116.2414
2019-05-23,116.2369
2019-05-24,116.0809
2019-05-28,116.3178
2019-05-29,116.5533
2019-05-30,116.3986
2019-05-31,116.7279
2019-06-03,116.4777
2019-06-04,116.0919
2019-06-05,116.0309
2019-06-06,115.9788
2019-06-07,115.7386
2019-06-10,115.5012
2019-06-11,115.3803
2019-06-12,115.4388
2019-06-13,115.6281
2019-06-14,115.9059
2019-06-17,115.9687
2019-06-18,115.8798
2019-06-19,115.7891
2019-06-20,114.8046
2019-06-21,114.8378
2019-06-24,114.6568
2019-06-25,114.6373
2019-06-26,114.5619
2019-06-27,114.6663
2019-06-28,114.5834
2019-07-01,114.7247
2019-07-02,114.8268
2019-07-03,114.8145
2019-07-05,115.1143
2019-07-08,115.0263
2019-07-09,115.1026
2019-07-10,115.0897
2019-07-11,114.8375
2019-07-12,114.7696
2019-07-15,114.6831
2019-07-16,115.0124
2019-07-17,114.8829
2019-07-18,114.8751
2019-07-19,114.8702
2019-07-22,115.0026
2019-07-23,115.3001
2019-07-24,115.2441
2019-07-25,115.2987
2019-07-26,115.5454
2019-07-29,115.5896
2019-07-30,115.6222
2019-07-31,115.4955
2019-08-01,116.0509
2019-08-02,116.1874
2019-08-05,116.587
2019-08-06,116.6921
2019-08-07,116.8003
2019-08-08,116.4756
2019-08-09,116.4432
2019-08-12,116.7567
2019-08-13,116.7283
2019-08-14,117.0926
2019-08-15,117.2247
2019-08-16,117.0796
2019-08-19,117.39
2019-08-20,117.3738
2019-08-21,117.1778
2019-08-22,117.357
2019-08-23,117.3027
2019-08-26,117.668
2019-08-27,117.7525
2019-08-28,117.8792
2019-08-29,118.0652
2019-08-30,118.16
2019-09-03,118.313
2019-09-04,117.6745
2019-09-05,117.4791
2019-09-06,117.1305
2019-09-09,117.0617
2019-09-10,117.09
2019-09-11,117.3138
2019-09-12,116.8391
2019-09-13,116.769
2019-09-16,117.0261
2019-09-17,116.9839
2019-09-18,116.9779
2019-09-19,117.0877
2019-09-20,117.1835
2019-09-23,117.3006
2019-09-24,117.2247
2019-09-25,117.6549
2019-09-26,117.729
2019-09-27,117.7246
2019-09-30,117.9488
2019-10-01,117.9621
2019-10-02,117.9694
2019-10-03,117.6628
2019-10-04,117.5306
2019-10-07,117.5552
2019-10-08,117.7423
2019-10-09,117.6854
2019-10-10,117.282
2019-10-11,116.8257
2019-10-15,116.8122
2019-10-16,116.6438
2019-10-17,116.2631
2019-10-18,116.1359
2019-10-21,116.0453
2019-10-22,115.9868
2019-10-23,116.0601
2019-10-24,116.1291
2019-10-25,116.0788
2019-10-28,116.0236
2019-10-29,115.9811
2019-10-30,116.1649
2019-10-31,115.9137
2019-11-01,115.7324
2019-11-04,115.8637
2019-11-05,116.1149
2019-11-06,116.1012
2019-11-07,116.1179
2019-11-08,116.344
2019-11-12,116.5843
2019-11-13,116.8404
2019-11-14,116.8031
2019-11-15,116.4409
2019-11-18,116.3634
2019-11-19,116.5402
2019-11-20,116.8293
2019-11-21,116.7447
2019-11-22,116.9148
2019-11-25,117.0109
2019-11-26,117.0529
2019-11-27,117.1292
2019-11-29,117.1218
2019-12-02,116.9664
2019-12-03,116.8916
2019-12-04,116.6938
2019-12-05,116.3857
2019-12-06,116.5394
2019-12-09,116.3296
2019-12-10,116.2557
2019-12-11,116.1492
2019-12-12,115.8755
2019-12-13,115.6976
2019-12-16,115.5559
2019-12-17,115.5561
2019-12-18,115.6627
2019-12-19,115.5997
2019-12-20,115.7604
2019-12-23,115.8066
2019-12-26,115.6347
2019-12-27,115.2207
2019-12-30,114.9639
2019-12-31,114.6697
2020-01-02,114.9746
2020-01-03,114.9862
2020-01-06,114.9552
2020-01-07,115.1467
2020-01-08,115.1318
2020-01-09,115.2325
2020-01-10,115.0671
2020-01-13,115.0337
2020-01-14,115.0233
2020-01-15,114.9526
2020-01-16,114.9999
2020-01-17,115.0642
2020-01-21,115.1865
2020-01-22,115.2264
2020-01-23,115.5537
2020-01-24,115.5545
2020-01-27,115.7994
2020-01-28,115.7226
2020-01-29,115.6986
2020-01-30,115.8065
2020-01-31,115.7342
2020-02-03,116.1176
2020-02-04,115.929
2020-02-05,116.0082
2020-02-06,116.1508
2020-02-07,116.5075
2020-02-10,116.5701
2020-02-11,116.3572
2020-02-12,116.2777
2020-02-13,116.398
2020-02-14,116.42
2020-02-18,116.6016
2020-02-19,116.7802
2020-02-20,117.2434
2020-02-21,117.0456
2020-02-24,117.401
2020-02-25,117.2417
2020-02-26,117.4048
2020-02-27,117.3686
2020-02-28,117.6573
2020-03-02,116.8148
2020-03-03,116.4958
2020-03-04,116.7799
2020-03-05,116.7913
2020-03-06,116.7132
2020-03-09,117.1927
2020-03-10,117.9082
2020-03-11,118.2564
2020-03-12,120.4945
2020-03-13,120.4439
2020-03-16,120.9417
2020-03-17,122.4875
2020-03-18,124.1693
2020-03-19,125.0662
2020-03-20,124.9425
2020-03-23,126.1342
2020-03-24,125.5092
2020-03-25,124.7995
2020-03-26,122.4384
2020-03-27,122.4097
2020-03-30,123.2997
2020-03-31,122.5394
2020-04-01,123.8033
2020-04-02,123.5994
2020-04-03,124.4237
2020-04-06,124.1692
2020-04-07,123.1038
2020-04-08,123.2299
2020-04-09,122.4834
2020-04-10,122.1668
2020-04-13,122.5282
2020-04-14,122.1204
2020-04-15,123.084
2020-04-16,123.4698
2020-04-17,122.8791
2020-04-20,123.1121
2020-04-21,123.9207
2020-04-22,123.9354
2020-04-23,123.7645
2020-04-24,124.172
2020-04-27,123.8954
2020-04-28,123.3794
2020-04-29,122.7877
2020-04-30,122.3375
2020-05-01,123.1615
2020-05-04,123.2224
2020-05-05,122.8117
2020-05-06,123.6188
2020-05-07,123.1339
2020-05-08,122.5465
2020-05-11,123.2423
2020-05-12,123.0694
2020-05-13,123.5512
2020-05-14,123.6524
2020-05-15,123.608
2020-05-18,122.8055
2020-05-19,122.5744
2020-05-20,122.1093
2020-05-21,122.099
2020-05-22,122.3278
2020-05-26,121.3933
2020-05-27,121.5741
2020-05-28,121.0207
2020-05-29,120.953
2020-06-01,120.2753
2020-06-02,119.692
2020-06-03,119.2625
2020-06-04,119.3094
2020-06-05,118.8202
2020-06-08,118.6687
2020-06-09,118.5967
2020-06-10,118.5307
2020-06-11,119.2435
2020-06-12,119.6719
2020-06-15,119.9622
2020-06-16,119.5744
2020-06-17,119.918
2020-06-18,120.2252
2020-06-19,120.226
2020-06-22,119.7613
2020-06-23,119.3372
2020-06-24,119.9834
2020-06-25,120.3089
2020-06-26,120.5425
2020-06-29,120.6757
2020-06-30,120.4746
2020-07-01,120.0902
2020-07-02,119.8648
2020-07-06,119.2941
2020-07-07,119.5814
2020-07-08,119.5625
2020-07-09,119.5221
2020-07-10,119.3601
2020-07-13,119.1984
2020-07-14,119.3999
2020-07-15,119.0423
2020-07-16,118.9368
2020-07-17,119.134
2020-07-20,119.0588
2020-07-21,118.4145
2020-07-22,118.1446
2020-07-23,118.0724
2020-07-24,118.1445
2020-07-27,117.3982
2020-07-28,117.3301
2020-07-29,117.2242
2020-07-30,117.4133
2020-07-31,117.2208
2020-08-03,117.8199
2020-08-04,117.7962
2020-08-05,116.8865
2020-08-06,117.055
2020-08-07,117.6365
2020-08-10,117.5946
2020-08-11,117.3902
2020-08-12,117.2679
2020-08-13,117.1313
2020-08-14,116.9512
2020-08-17,116.7609
2020-08-18,116.5722
2020-08-19,116.5789
2020-08-20,116.8243
2020-08-21,117.0682
2020-08-24,116.9238
2020-08-25,116.8324
2020-08-26,116.6358
2020-08-27,116.6614
2020-08-28,115.9506
2020-08-31,115.7717
2020-09-01,115.5814
2020-09-02,116.0423
2020-09-03,116.0799
2020-09-04,116.0457
2020-09-08,116.4725
2020-09-09,116.1396
2020-09-10,115.8906
2020-09-11,116.0963
2020-09-14,115.6523
2020-09-15,115.5996
2020-09-16,115.3623
2020-09-17,115.4476
2020-09-18,115.248
2020-09-21,116.3873
2020-09-22,116.5529
2020-09-23,117.2631
2020-09-24,117.5578
2020-09-25,117.8786
2020-09-28,117.629
2020-09-29,117.5379
2020-09-30,116.957
2020-10-01,116.7339
2020-10-02,116.7424
2020-10-05,116.187
2020-10-06,116.2781
2020-10-07,116.3548
2020-10-08,116.1753
2020-10-09,115.2843
2020-10-13,115.9193
2020-10-14,115.6959
2020-10-15,116.1046
2020-10-16,115.7754
2020-10-19,115.4109
2020-10-20,115.2558
2020-10-21,114.9185
2020-10-22,115.1234
2020-10-23,115.0198
2020-10-26,115.2872
2020-10-27,115.0206
2020-10-28,115.8099
2020-10-29,116.3138
2020-10-30,116.1417
2020-11-02,116.2425
2020-11-03,115.4864
2020-11-04,115.1733
2020-11-05,114.4615
2020-11-06,113.9977
2020-11-09,114.0942
2020-11-10,114.0802
2020-11-12,114.2889
2020-11-13,114.2445
2020-11-16,113.8356
2020-11-17,113.6864
2020-11-18,113.4645
2020-11-19,113.6982
2020-11-20,113.4932
2020-11-23,113.759
2020-11-24,113.4361
2020-11-25,113.1871
2020-11-30,113.2308
2020-12-01,112.8122
2020-12-02,112.6174
2020-12-03,112.0293
2020-12-04,111.7826
2020-12-07,111.8431
2020-12-08,111.8684
2020-12-09,112.0353
2020-12-10,111.9839
2020-12-11,112.1469
2020-12-14,112.177
2020-12-15,111.866
2020-12-16,111.7215
2020-12-17,111.2286
2020-12-18,111.6136
2020-12-21,111.9477
2020-12-22,112.201
2020-12-23,111.9873
2020-12-28,111.9821
2020-12-29,111.524
2020-12-30,111.3156
2020-12-31,111.324
2021-01-04,111.2143
2021-01-05,110.9649
2021-01-06,110.8573
2021-01-07,111.3124
2021-01-08,111.293
2021-01-11,111.8342
2021-01-12,111.5584
2021-01-13,111.3702
2021-01-14,111.1639
2021-01-15,111.5168
2021-01-19,111.4591
2021-01-21,111.2044
2021-01-22,111.5602
2021-01-25,111.8767
2021-01-26,111.6661
2021-01-27,112.0876
2021-01-28,112.015
2021-01-29,111.9604
2021-02-01,112.4282
2021-02-02,112.2937
2021-02-03,112.2648
2021-02-04,112.756
2021-02-05,112.2463
2021-02-08,112.0512
2021-02-09,111.7768
2021-02-10,111.5929
2021-02-11,111.5364
2021-02-12,111.4981
2021-02-16,111.7984
2021-02-17,112.03
2021-02-18,112.1718
2021-02-19,111.7179
2021-02-22,111.9316
2021-02-23,111.911
2021-02-24,111.7339
2021-02-25,111.9402
2021-02-26,112.8433
2021-03-01,112.538
2021-03-02,112.5472
2021-03-03,112.7761
2021-03-04,112.717
2021-03-05,113.7626
2021-03-08,114.2824
2021-03-09,113.9431
2021-03-10,113.6015
2021-03-11,112.9345
2021-03-12,113.0403
2021-03-15,113.2065
2021-03-16,112.997
2021-03-17,113.1726
2021-03-18,112.7872
2021-03-19,112.9877
2021-03-22,113.0154
2021-03-23,113.3038
2021-03-24,113.669
2021-03-25,114.014
2021-03-26,113.7532
2021-03-29,113.9447
2021-03-30,114.2152
2021-03-31,113.8351
2021-04-01,113.7504
2021-04-02,113.7429
2021-04-05,113.406
2021-04-06,113.1575
2021-04-07,113.254
2021-04-08,113.1015
2021-04-09,113.2132
2021-04-12,113.1916
2021-04-13,113.0489
2021-04-14,112.7951
2021-04-15,112.6274
2021-04-16,112.4913
2021-04-19,112.1929
2021-04-20,112.2444
2021-04-21,112.1862
2021-04-22,112.2385
2021-04-23,112.0981
2021-04-26,111.8207
2021-04-27,111.9203
2021-04-28,111.8015
2021-04-29,111.7583
2021-04-30,112.0959
2021-05-03,112.0176
2021-05-04,112.3021
2021-05-05,112.1639
2021-05-06,111.8525
2021-05-07,111.0372
2021-05-10,110.803
2021-05-11,110.904
2021-05-12,111.5762
2021-05-13,111.6079
2021-05-14,111.1476
2021-05-17,111.0913
2021-05-18,110.8446
2021-05-19,110.8933
2021-05-20,110.8741
2021-05-21,111.0714
2021-05-24,110.9254
2021-05-25,110.8557
2021-05-26,110.8814
2021-05-27,110.8829
2021-05-28,110.7711
2021-06-01,110.5179
2021-06-02,110.5924
2021-06-03,111.1905
2021-06-04,110.7645
2021-06-07,110.5275
2021-06-08,110.6608
2021-06-09,110.582
2021-06-10,110.557
2021-06-11,111.1052
2021-06-14,110.9779
2021-06-15,111.3634
2021-06-16,111.1287
2021-06-17,112.5881
2021-06-18,113.0517
2021-06-21,112.8506
2021-06-22,112.929
2021-06-23,112.3931
2021-06-24,112.3357
2021-06-25,111.9742
2021-06-28,112.033
2021-06-29,112.2692
2021-06-30,112.5613
2021-07-01,112.7484
2021-07-02,112.5507
2021-07-06,112.9602
2021-07-07,113.1136
