year,month,day,positive,neutral,negative
2013,4,1,2,0,0
2013,4,2,0,4,0
2013,4,3,3,1,0
2013,4,4,2,1,0
2013,4,5,1,2,0
2013,4,6,0,1,0
2013,4,7,0,2,0
2013,4,8,2,1,1
2013,4,9,1,2,0
2013,4,10,2,2,0
2013,4,11,0,3,0
2013,4,12,0,3,0
2013,4,13,0,2,0
2013,4,14,0,2,0
2013,4,15,1,3,0
2013,4,16,0,3,1
2013,4,17,0,2,1
2013,4,18,1,2,0
2013,4,19,0,2,1
2013,4,20,1,0,1
2013,4,21,0,1,0
2013,4,22,1,2,0
2013,4,23,2,1,0
2013,4,24,0,3,0
2013,4,25,2,1,0
2013,4,26,1,2,0
2013,4,27,0,1,0
2013,4,28,0,2,0
2013,4,29,0,2,1
2013,4,30,3,0,0
2013,5,1,0,3,0
2013,5,2,2,2,0
2013,5,3,1,2,1
2013,5,4,1,1,0
2013,5,5,1,1,0
2013,5,6,1,2,0
2013,5,7,2,2,0
2013,5,8,1,3,0
2013,5,9,2,1,1
2013,5,10,1,2,0
2013,5,11,0,2,0
2013,5,12,2,0,0
2013,5,13,2,1,0
2013,5,14,1,3,0
2013,5,15,1,3,0
2013,5,16,2,1,0
2013,5,17,1,2,0
2013,5,18,0,1,0
2013,5,19,0,2,0
2013,5,20,1,2,0
2013,5,21,0,3,0
2013,5,22,1,3,0
2013,5,23,0,4,0
2013,5,24,0,3,1
2013,5,25,1,1,0
2013,5,26,0,2,0
2013,5,27,2,1,0
2013,5,28,0,4,0
2013,5,29,2,2,0
2013,5,30,2,2,0
2013,5,31,2,1,0
2013,6,1,1,1,0
2013,6,2,1,1,0
2013,6,3,0,4,0
2013,6,4,2,2,0
2013,6,5,1,3,0
2013,6,6,0,3,0
2013,6,7,1,3,0
2013,6,8,2,0,0
2013,6,9,1,1,0
2013,6,10,2,2,0
2013,6,11,2,2,0
2013,6,12,2,2,0
2013,6,13,3,4,0
2013,6,14,5,2,0
2013,6,15,1,3,0
2013,6,16,2,1,1
2013,6,17,4,4,0
2013,6,18,3,4,0
2013,6,19,3,5,0
2013,6,20,3,5,0
2013,6,21,4,4,1
2013,6,22,4,1,0
2013,6,23,3,2,0
2013,6,24,4,3,0
2013,6,25,1,5,1
2013,6,26,2,4,0
2013,6,27,5,4,0
2013,6,28,3,6,0
2013,6,29,1,5,0
2013,6,30,1,5,0
2013,7,1,2,3,1
2013,7,2,3,7,0
2013,7,3,6,3,1
2013,7,4,5,3,0
2013,7,5,3,4,0
2013,7,6,2,3,0
2013,7,7,2,2,0
2013,7,8,2,6,0
2013,7,9,4,3,1
2013,7,10,3,4,1
2013,7,11,5,4,0
2013,7,12,2,7,0
2013,7,13,0,5,0
2013,7,14,2,2,0
2013,7,15,0,6,2
2013,7,16,3,5,1
2013,7,17,4,4,1
2013,7,18,3,7,1
2013,7,19,2,7,0
2013,7,20,2,3,0
2013,7,21,2,2,0
2013,7,22,1,6,1
2013,7,23,1,6,0
2013,7,24,6,3,0
2013,7,25,1,6,2
2013,7,26,1,9,0
2013,7,27,1,3,0
2013,7,28,2,2,0
2013,7,29,3,5,0
2013,7,30,4,5,0
2013,7,31,1,10,0
2013,8,1,5,5,0
2013,8,2,4,7,0
2013,8,3,3,4,0
2013,8,4,3,3,0
2013,8,5,6,3,0
2013,8,6,3,8,0
2013,8,7,3,8,0
2013,8,8,3,7,1
2013,8,9,4,4,0
2013,8,10,2,4,0
2013,8,11,4,3,0
2013,8,12,3,4,2
2013,8,13,0,8,1
2013,8,14,4,4,2
2013,8,15,0,1,2
2013,8,16,3,5,0
2013,8,17,1,4,0
2013,8,18,3,2,0
2013,8,19,2,7,0
2013,8,20,3,6,0
2013,8,21,3,6,1
2013,8,22,2,7,1
2013,8,23,3,5,1
2013,8,24,2,3,0
2013,8,25,3,2,1
2013,8,26,5,6,0
2013,8,27,6,4,1
2013,8,28,2,9,0
2013,8,29,2,10,0
2013,8,30,2,9,1
2013,8,31,6,2,0
2013,9,1,3,6,0
2013,9,2,6,9,0
2013,9,3,9,9,3
2013,9,4,8,16,0
2013,9,5,10,13,0
2013,9,6,12,10,1
2013,9,7,4,9,0
2013,9,8,5,7,1
2013,9,9,4,19,0
2013,9,10,5,20,0
2013,9,11,5,19,0
2013,9,12,4,20,0
2013,9,13,6,13,1
2013,9,14,2,10,0
2013,9,15,4,6,0
2013,9,16,12,8,1
2013,9,17,4,13,3
2013,9,18,5,16,1
2013,9,19,0,7,0
2013,9,20,8,12,1
2013,9,21,4,6,0
2013,9,22,3,9,0
2013,9,23,8,10,1
2013,9,24,6,14,0
2013,9,25,5,16,0
2013,9,26,6,16,0
2013,9,27,7,8,1
2013,9,28,7,4,0
2013,9,29,1,7,1
2013,9,30,4,15,0
2013,10,1,7,14,0
2013,10,2,6,12,0
2013,10,3,0,6,0
2013,10,4,1,6,0
2013,10,5,4,7,0
2013,10,6,3,9,0
2013,10,7,3,17,0
2013,10,8,4,14,1
2013,10,9,5,14,1
2013,10,10,6,17,1
2013,10,11,6,10,2
2013,10,12,4,7,1
2013,10,13,4,6,0
2013,10,14,5,11,0
2013,10,15,5,14,0
2013,10,16,6,14,0
2013,10,17,10,9,0
2013,10,18,3,15,1
2013,10,19,2,7,0
2013,10,20,2,8,0
2013,10,21,4,3,0
2013,10,22,4,15,0
2013,10,23,7,14,0
2013,10,24,5,12,2
2013,10,25,9,10,1
2013,10,26,3,6,1
2013,10,27,3,6,2
2013,10,28,6,15,0
2013,10,29,7,14,0
2013,10,30,6,12,0
2013,10,31,7,14,0
2013,11,1,5,11,0
2013,11,2,5,5,0
2013,11,3,1,8,0
2013,11,4,3,9,0
2013,11,5,3,16,0
2013,11,6,7,11,2
2013,11,7,7,12,1
2013,11,8,5,13,0
2013,11,9,5,6,0
2013,11,10,2,9,0
2013,11,11,5,15,0
2013,11,12,7,14,0
2013,11,13,9,12,1
2013,11,14,3,14,3
2013,11,15,7,12,0
2013,11,16,3,5,0
2013,11,17,8,2,0
2013,11,18,5,12,1
2013,11,19,6,13,2
2013,11,20,6,16,0
2013,11,21,5,14,3
2013,11,22,8,11,1
2013,11,23,5,7,0
2013,11,24,2,8,1
2013,11,25,7,10,1
2013,11,26,5,14,2
2013,11,27,5,14,1
2013,11,28,6,7,0
2013,11,29,3,11,0
2013,11,30,3,4,0
2013,12,1,3,0,0
2013,12,2,1,5,0
2013,12,3,3,4,0
2013,12,4,3,4,1
2013,12,5,5,14,1
2013,12,6,3,15,0
2013,12,7,4,7,0
2013,12,8,2,3,0
2013,12,9,9,10,1
2013,12,10,3,18,1
2013,12,11,11,6,1
2013,12,12,6,14,0
2013,12,13,9,11,0
2013,12,14,2,7,0
2013,12,15,2,9,1
2013,12,16,8,11,0
2013,12,17,7,12,2
2013,12,18,4,14,1
2013,12,19,9,9,2
2013,12,20,6,12,1
2013,12,21,5,6,0
2013,12,22,6,4,0
2013,12,23,9,6,0
2013,12,24,3,9,0
2013,12,25,0,9,0
2013,12,26,4,8,0
2013,12,27,3,10,1
2013,12,28,3,5,0
2013,12,29,3,6,0
2013,12,30,7,3,2
2013,12,31,4,6,0
2014,1,1,1,6,0
2014,1,2,5,10,0
2014,1,3,6,8,0
2014,1,4,1,7,1
2014,1,5,2,8,0
2014,1,6,6,9,1
2014,1,7,5,13,0
2014,1,8,10,7,2
2014,1,9,9,12,0
2014,1,10,7,11,0
2014,1,11,3,6,1
2014,1,12,1,9,0
2014,1,13,5,12,0
2014,1,14,7,13,0
2014,1,15,6,12,2
2014,1,16,5,14,0
2014,1,17,3,4,0
2014,1,18,1,2,0
2014,1,19,2,1,0
2014,1,20,2,3,0
2014,1,21,2,4,0
2014,1,22,4,3,0
2014,1,23,3,4,0
2014,1,24,4,6,1
2014,1,25,5,9,1
2014,1,26,2,7,1
2014,1,27,8,12,0
2014,1,28,7,13,0
2014,1,29,3,17,1
2014,1,30,4,8,2
2014,1,31,6,11,0
2014,2,1,3,9,0
2014,2,2,5,6,1
2014,2,3,6,11,0
2014,2,4,6,13,0
2014,2,5,6,13,0
2014,2,6,7,12,0
2014,2,7,4,12,1
2014,2,8,4,4,1
2014,2,9,4,5,0
2014,2,10,7,10,1
2014,2,11,6,13,0
2014,2,12,7,13,1
2014,2,13,6,13,0
2014,2,14,4,13,0
2014,2,15,3,7,0
2014,2,16,5,3,0
2014,2,17,7,9,0
2014,2,18,6,13,0
2014,2,19,4,16,1
2014,2,20,3,16,1
2014,2,21,5,16,0
2014,2,22,3,7,0
2014,2,23,2,9,0
2014,2,24,4,16,0
2014,2,25,5,13,0
2014,2,26,7,13,0
2014,2,27,4,2,0
2014,2,28,2,14,0
2014,3,1,2,8,0
2014,3,2,0,2,0
2014,3,3,1,17,0
2014,3,4,7,10,0
2014,3,5,9,11,0
2014,3,6,8,10,1
2014,3,7,6,11,0
2014,3,8,4,6,0
2014,3,9,3,6,0
2014,3,10,8,7,3
2014,3,11,8,10,1
2014,3,12,6,10,1
2014,3,13,5,13,0
2014,3,14,1,9,1
2014,3,15,2,8,1
2014,3,16,3,8,0
2014,3,17,6,8,2
2014,3,18,9,6,2
2014,3,19,8,8,1
2014,3,20,6,11,0
2014,3,21,3,14,0
2014,3,22,4,6,0
2014,3,23,3,7,0
2014,3,24,8,8,1
2014,3,25,4,14,1
2014,3,26,5,13,2
2014,3,27,7,13,0
2014,3,28,4,13,0
2014,3,29,4,4,1
2014,3,30,2,5,0
2014,3,31,4,11,1
2014,4,1,6,14,0
2014,4,2,6,8,2
2014,4,3,8,9,1
2014,4,4,3,9,0
2014,4,5,4,11,0
2014,4,6,3,8,1
2014,4,7,5,11,1
2014,4,8,4,10,0
2014,4,9,6,13,3
2014,4,10,8,12,2
2014,4,11,6,13,0
2014,4,12,4,6,0
2014,4,13,2,6,1
2014,4,14,7,10,1
2014,4,15,6,12,1
2014,4,16,8,11,0
2014,4,17,7,14,0
2014,4,18,6,10,1
2014,4,19,4,6,0
2014,4,20,1,8,0
2014,4,21,1,16,0
2014,4,22,5,13,2
2014,4,23,7,13,2
2014,4,24,8,11,2
2014,4,25,6,12,1
2014,4,26,2,9,0
2014,4,27,4,6,2
2014,4,28,6,13,0
2014,4,29,4,15,1
2014,4,30,12,10,0
2014,5,1,4,14,1
2014,5,2,7,12,0
2014,5,3,6,6,0
2014,5,4,4,4,1
2014,5,5,4,14,0
2014,5,6,5,13,3
2014,5,7,5,15,0
2014,5,8,3,17,1
2014,5,9,7,12,0
2014,5,10,4,6,0
2014,5,11,3,7,0
2014,5,12,3,12,3
2014,5,13,8,12,0
2014,5,14,5,14,0
2014,5,15,6,14,1
2014,5,16,8,9,2
2014,5,17,5,4,2
2014,5,18,3,6,0
2014,5,19,5,13,0
2014,5,20,7,13,0
2014,5,21,9,12,0
2014,5,22,9,12,0
2014,5,23,6,11,2
2014,5,24,2,7,2
2014,5,25,3,6,1
2014,5,26,5,6,1
2014,5,27,9,10,0
2014,5,28,5,15,2
2014,5,29,8,13,1
2014,5,30,7,10,1
2014,5,31,5,6,0
2014,6,1,4,8,0
2014,6,2,9,12,0
2014,6,3,10,10,1
2014,6,4,14,10,1
2014,6,5,8,15,0
2014,6,6,5,12,0
2014,6,7,5,6,0
2014,6,8,0,11,0
2014,6,9,4,11,3
2014,6,10,10,11,0
2014,6,11,6,12,1
2014,6,12,7,13,0
2014,6,13,7,12,0
2014,6,14,3,8,0
2014,6,15,2,9,0
2014,6,16,7,12,0
2014,6,17,4,17,0
2014,6,18,8,12,0
2014,6,19,6,13,2
2014,6,20,7,13,0
2014,6,21,3,10,0
2014,6,22,5,7,0
2014,6,23,8,10,1
2014,6,24,5,13,2
2014,6,25,5,14,2
2014,6,26,6,15,0
2014,6,27,11,12,0
2014,6,28,5,6,1
2014,6,29,4,6,0
2014,6,30,4,13,1
2014,7,1,5,12,1
2014,7,2,7,12,0
2014,7,3,3,15,1
2014,7,4,4,9,0
2014,7,5,3,6,0
2014,7,6,1,9,0
2014,7,7,7,13,0
2014,7,8,6,13,1
2014,7,9,7,13,1
2014,7,10,2,18,1
2014,7,11,14,15,0
2014,7,12,5,7,0
2014,7,13,3,8,0
2014,7,14,6,15,0
2014,7,15,7,13,3
2014,7,16,8,14,0
2014,7,17,6,16,2
2014,7,18,14,7,0
2014,7,19,4,8,0
2014,7,20,8,4,1
2014,7,21,7,9,0
2014,7,22,4,16,0
2014,7,23,4,18,1
2014,7,24,4,19,2
2014,7,25,6,19,0
2014,7,26,3,10,0
2014,7,27,4,8,0
2014,7,28,4,14,1
2014,7,29,6,14,0
2014,7,30,9,12,0
2014,7,31,9,10,3
2014,8,1,6,17,0
2014,8,2,5,8,0
2014,8,3,4,8,0
2014,8,4,4,14,1
2014,8,5,8,14,0
2014,8,6,3,19,3
2014,8,7,9,12,2
2014,8,8,6,17,1
2014,8,9,7,8,0
2014,8,10,3,8,1
2014,8,11,10,9,0
2014,8,12,6,16,0
2014,8,13,14,10,0
2014,8,14,6,17,0
2014,8,15,10,10,0
2014,8,16,5,7,0
2014,8,17,5,6,1
2014,8,18,7,13,1
2014,8,19,6,15,0
2014,8,20,13,14,0
2014,8,21,9,19,0
2014,8,22,5,15,1
2014,8,23,7,6,0
2014,8,24,3,11,0
2014,8,25,5,14,1
2014,8,26,10,13,1
2014,8,27,7,15,0
2014,8,28,10,11,2
2014,8,29,6,13,0
2014,8,30,4,7,0
2014,8,31,5,5,0
2014,9,1,6,7,0
2014,9,2,14,8,0
2014,9,3,11,13,4
2014,9,4,8,14,2
2014,9,5,10,12,0
2014,9,6,7,6,0
2014,9,7,6,8,0
2014,9,8,5,15,1
2014,9,9,8,16,0
2014,9,10,7,17,0
2014,9,11,10,13,2
2014,9,12,13,12,1
2014,9,13,11,3,0
2014,9,14,9,5,0
2014,9,15,6,17,0
2014,9,16,8,15,1
2014,9,17,7,16,1
2014,9,18,8,14,0
2014,9,19,4,17,1
2014,9,20,1,13,0
2014,9,21,5,6,1
2014,9,22,7,14,0
2014,9,23,10,18,0
2014,9,24,8,19,0
2014,9,25,10,17,0
2014,9,26,7,17,1
2014,9,27,3,10,0
2014,9,28,6,7,0
2014,9,29,7,15,1
2014,9,30,4,17,2
2014,10,1,7,15,1
2014,10,2,6,8,1
2014,10,3,4,18,0
2014,10,4,5,9,0
2014,10,5,3,9,0
2014,10,6,9,12,0
2014,10,7,9,13,3
2014,10,8,8,16,0
2014,10,9,13,11,1
2014,10,10,8,15,0
2014,10,11,5,9,0
2014,10,12,5,10,0
2014,10,13,6,15,0
2014,10,14,13,12,2
2014,10,15,6,20,3
2014,10,16,6,19,2
2014,10,17,5,20,0
2014,10,18,8,6,0
2014,10,19,6,7,0
2014,10,20,7,15,2
2014,10,21,9,18,0
2014,10,22,7,16,1
2014,10,23,10,15,0
2014,10,24,5,15,2
2014,10,25,1,13,0
2014,10,26,4,9,0
2014,10,27,7,12,0
2014,10,28,7,16,1
2014,10,29,5,19,1
2014,10,30,8,15,2
2014,10,31,5,15,1
2014,11,1,4,9,0
2014,11,2,3,9,0
2014,11,3,8,13,2
2014,11,4,4,17,0
2014,11,5,6,18,1
2014,11,6,8,17,0
2014,11,7,5,16,1
2014,11,8,4,11,1
2014,11,9,4,10,0
2014,11,10,7,15,1
2014,11,11,6,18,0
2014,11,12,8,16,2
2014,11,13,11,17,0
2014,11,14,6,19,1
2014,11,15,6,9,0
2014,11,16,5,11,0
2014,11,17,8,15,1
2014,11,18,9,13,2
2014,11,19,6,17,1
2014,11,20,9,18,0
2014,11,21,9,15,2
2014,11,22,3,8,3
2014,11,23,4,10,1
2014,11,24,7,17,2
2014,11,25,7,20,0
2014,11,26,5,18,2
2014,11,27,4,12,1
2014,11,28,7,10,0
2014,11,29,5,7,1
2014,11,30,6,7,1
2014,12,1,6,15,0
2014,12,2,7,17,0
2014,12,3,8,19,0
2014,12,4,10,17,0
2014,12,5,7,16,0
2014,12,6,4,13,0
2014,12,7,7,5,0
2014,12,8,7,16,2
2014,12,9,10,17,0
2014,12,10,10,17,1
2014,12,11,5,14,0
2014,12,12,5,18,0
2014,12,13,4,11,0
2014,12,14,2,12,0
2014,12,15,8,14,2
2014,12,16,11,13,0
2014,12,17,8,21,0
2014,12,18,8,20,2
2014,12,19,13,12,1
2014,12,20,4,12,1
2014,12,21,2,10,1
2014,12,22,11,12,1
2014,12,23,13,12,2
2014,12,24,4,15,1
2014,12,25,3,8,0
2014,12,26,3,11,0
2014,12,27,3,9,0
2014,12,28,2,10,0
2014,12,29,3,14,1
2014,12,30,9,11,0
2014,12,31,13,7,0
2015,1,1,3,7,1
2015,1,2,6,9,0
2015,1,3,4,8,0
2015,1,4,6,6,0
2015,1,5,7,13,1
2015,1,6,7,16,0
2015,1,7,14,12,0
2015,1,8,8,17,2
2015,1,9,1,2,1
2015,1,10,5,11,0
2015,1,11,4,13,0
2015,1,12,7,19,0
2015,1,13,5,18,4
2015,1,14,9,19,1
2015,1,15,7,21,0
2015,1,16,6,19,1
2015,1,17,1,13,0
2015,1,18,6,8,0
2015,1,19,5,17,0
2015,1,20,6,22,0
2015,1,21,8,19,0
2015,1,22,5,21,5
2015,1,23,6,22,0
2015,1,24,7,10,0
2015,1,25,6,10,0
2015,1,26,10,15,1
2015,1,27,9,16,2
2015,1,28,8,18,1
2015,1,29,8,18,1
2015,1,30,6,20,0
2015,1,31,6,9,0
2015,2,1,3,9,2
2015,2,2,6,17,1
2015,2,3,10,16,0
2015,2,4,7,18,2
2015,2,5,6,20,1
2015,2,6,10,16,2
2015,2,7,3,14,0
2015,2,8,7,8,0
2015,2,9,8,13,2
2015,2,10,8,18,0
2015,2,11,13,16,1
2015,2,12,13,17,0
2015,2,13,13,12,1
2015,2,14,7,7,0
2015,2,15,2,11,2
2015,2,16,5,15,1
2015,2,17,6,16,2
2015,2,18,9,18,0
2015,2,19,8,19,0
2015,2,20,7,17,1
2015,2,21,3,11,1
2015,2,22,9,7,0
2015,2,23,10,12,3
2015,2,24,8,20,0
2015,2,25,9,19,1
2015,2,26,5,21,2
2015,2,27,8,18,2
2015,2,28,7,9,1
2015,3,1,5,10,0
2015,3,2,6,17,1
2015,3,3,5,21,0
2015,3,4,9,18,3
2015,3,5,9,18,1
2015,3,6,5,20,2
2015,3,7,5,10,1
2015,3,8,5,10,1
2015,3,9,4,19,1
2015,3,10,5,21,0
2015,3,11,6,21,0
2015,3,12,5,22,0
2015,3,13,10,15,1
2015,3,14,5,12,0
2015,3,15,5,11,0
2015,3,16,9,12,1
2015,3,17,5,21,1
2015,3,18,6,19,2
2015,3,19,12,16,0
2015,3,20,9,17,1
2015,3,21,2,12,0
2015,3,22,5,9,1
2015,3,23,5,18,1
2015,3,24,5,22,0
2015,3,25,11,16,0
2015,3,26,14,12,1
2015,3,27,6,19,0
2015,3,28,5,10,0
2015,3,29,4,8,1
2015,3,30,5,16,2
2015,3,31,9,15,1
2015,4,1,10,15,1
2015,4,2,6,19,1
2015,4,3,5,16,0
2015,4,4,2,11,0
2015,4,5,4,9,0
2015,4,6,4,16,0
2015,4,7,9,14,0
2015,4,8,9,15,1
2015,4,9,3,19,1
2015,4,10,7,16,0
2015,4,11,0,15,1
2015,4,12,3,9,0
2015,4,13,9,11,0
2015,4,14,10,15,1
2015,4,15,9,14,1
2015,4,16,10,16,0
2015,4,17,6,19,0
2015,4,18,3,11,0
2015,4,19,4,8,1
2015,4,20,6,15,1
2015,4,21,6,18,1
2015,4,22,4,20,1
2015,4,23,4,21,2
2015,4,24,6,18,2
2015,4,25,4,10,0
2015,4,26,2,10,0
2015,4,27,8,11,3
2015,4,28,8,15,1
2015,4,29,17,10,0
2015,4,30,8,20,0
2015,5,1,6,17,2
2015,5,2,3,14,0
2015,5,3,3,12,0
2015,5,4,6,19,0
2015,5,5,7,21,0
2015,5,6,6,19,1
2015,5,7,1,27,1
2015,5,8,6,18,1
2015,5,9,5,9,0
2015,5,10,3,9,1
2015,5,11,4,17,1
2015,5,12,8,17,1
2015,5,13,7,20,0
2015,5,14,5,20,0
2015,5,15,9,17,1
2015,5,16,4,10,0
2015,5,17,3,11,0
2015,5,18,9,14,0
2015,5,19,9,15,1
2015,5,20,7,17,2
2015,5,21,10,18,2
2015,5,22,12,12,1
2015,5,23,8,7,0
2015,5,24,3,11,0
2015,5,25,2,17,1
2015,5,26,4,21,0
2015,5,27,5,21,1
2015,5,28,7,18,0
2015,5,29,4,18,2
2015,5,30,3,9,2
2015,5,31,5,7,0
2015,6,1,8,16,1
2015,6,2,12,15,0
2015,6,3,8,15,1
2015,6,4,8,16,0
2015,6,5,6,18,0
2015,6,6,3,11,0
2015,6,7,2,10,0
2015,6,8,5,13,2
2015,6,9,6,15,3
2015,6,10,12,12,1
2015,6,11,8,17,1
2015,6,12,10,13,0
2015,6,13,4,9,0
2015,6,14,3,9,0
2015,6,15,8,14,0
2015,6,16,8,14,2
2015,6,17,3,20,1
2015,6,18,8,20,0
2015,6,19,10,13,2
2015,6,20,3,10,1
2015,6,21,8,4,0
2015,6,22,4,9,1
2015,6,23,2,12,2
2015,6,24,3,17,2
2015,6,25,5,22,1
2015,6,26,8,16,0
2015,6,27,3,11,0
2015,6,28,2,10,1
2015,6,29,5,17,1
2015,6,30,10,13,1
2015,7,1,6,20,0
2015,7,2,6,19,0
2015,7,3,4,18,0
2015,7,4,2,16,0
2015,7,5,2,18,0
2015,7,6,4,23,1
2015,7,7,8,24,1
2015,7,8,7,25,1
2015,7,9,8,25,0
2015,7,10,12,18,2
2015,7,11,5,13,0
2015,7,12,3,12,0
2015,7,13,12,19,0
2015,7,14,15,19,1
2015,7,15,10,23,1
2015,7,16,7,25,1
2015,7,17,6,22,2
2015,7,18,4,14,1
2015,7,19,3,11,2
2015,7,20,8,19,0
2015,7,21,12,18,2
2015,7,22,11,20,0
2015,7,23,8,23,1
2015,7,24,15,16,0
2015,7,25,3,16,0
2015,7,26,6,8,1
2015,7,27,6,16,2
2015,7,28,6,25,1
2015,7,29,11,18,3
2015,7,30,5,24,3
2015,7,31,8,23,0
2015,8,1,7,12,0
2015,8,2,4,11,1
2015,8,3,2,21,2
2015,8,4,2,27,2
2015,8,5,8,20,1
2015,8,6,13,18,1
2015,8,7,5,25,1
2015,8,8,9,10,1
2015,8,9,2,14,0
2015,8,10,6,20,0
2015,8,11,9,19,1
2015,8,12,6,21,0
2015,8,13,9,16,2
2015,8,14,5,23,0
2015,8,15,5,13,0
2015,8,16,6,10,0
2015,8,17,6,17,1
2015,8,18,4,23,1
2015,8,19,10,17,1
2015,8,20,7,19,1
2015,8,21,5,21,1
2015,8,22,4,15,0
2015,8,23,5,14,0
2015,8,24,10,16,1
2015,8,25,11,17,0
2015,8,26,12,16,0
2015,8,27,8,20,0
2015,8,28,4,26,0
2015,8,29,7,9,0
2015,8,30,4,13,0
2015,8,31,6,17,2
2015,9,1,4,21,2
2015,9,2,8,17,1
2015,9,3,7,20,1
2015,9,4,7,18,1
2015,9,5,5,11,0
2015,9,6,2,12,0
2015,9,7,6,14,0
2015,9,8,5,24,1
2015,9,9,10,17,2
2015,9,10,6,22,2
2015,9,11,10,19,0
2015,9,12,5,13,0
2015,9,13,3,11,0
2015,9,14,8,16,2
2015,9,15,8,19,3
2015,9,16,8,22,2
2015,9,17,5,25,2
2015,9,18,10,23,0
2015,9,19,7,13,0
2015,9,20,3,15,0
2015,9,21,13,19,2
2015,9,22,12,25,0
2015,9,23,9,24,1
2015,9,24,7,27,1
2015,9,25,6,27,0
2015,9,26,7,15,0
2015,9,27,3,12,1
2015,9,28,5,21,3
2015,9,29,7,25,1
2015,9,30,9,23,1
2015,10,1,5,27,1
2015,10,2,9,20,0
2015,10,3,6,13,0
2015,10,4,4,12,0
2015,10,5,8,21,1
2015,10,6,8,22,2
2015,10,7,6,26,0
2015,10,8,10,21,0
2015,10,9,8,20,0
2015,10,10,8,11,0
2015,10,11,3,12,1
2015,10,12,5,21,2
2015,10,13,10,22,1
2015,10,14,12,19,2
2015,10,15,7,26,0
2015,10,16,12,16,1
2015,10,17,6,13,0
2015,10,18,0,16,1
2015,10,19,4,24,0
2015,10,20,5,24,2
2015,10,21,2,6,0
2015,10,22,2,1,0
2015,10,23,8,24,4
2015,10,24,5,16,0
2015,10,25,5,8,2
2015,10,26,8,17,0
2015,10,27,7,22,0
2015,10,28,8,21,2
2015,10,29,11,22,1
2015,10,30,10,19,1
2015,10,31,3,17,0
2015,11,1,5,9,2
2015,11,2,6,21,1
2015,11,3,8,20,3
2015,11,4,7,22,3
2015,11,5,9,23,0
2015,11,6,7,25,0
2015,11,7,5,11,1
2015,11,8,3,11,1
2015,11,9,6,18,5
2015,11,10,11,19,2
2015,11,11,9,22,2
2015,11,12,6,27,2
2015,11,13,3,25,2
2015,11,14,5,15,0
2015,11,15,4,14,0
2015,11,16,6,21,0
2015,11,17,10,23,1
2015,11,18,10,24,0
2015,11,19,10,23,3
2015,11,20,10,24,1
2015,11,21,6,17,0
2015,11,22,5,14,0
2015,11,23,8,22,0
2015,11,24,11,20,1
2015,11,25,12,21,2
2015,11,26,11,15,0
2015,11,27,8,14,1
2015,11,28,5,13,0
2015,11,29,4,13,0
2015,11,30,8,18,0
2015,12,1,11,22,0
2015,12,2,8,21,3
2015,12,3,13,18,0
2015,12,4,11,19,0
2015,12,5,6,16,0
2015,12,6,4,12,0
2015,12,7,5,26,0
2015,12,8,13,22,0
2015,12,9,14,25,0
2015,12,10,9,25,3
2015,12,11,12,21,1
2015,12,12,7,15,1
2015,12,13,6,13,0
2015,12,14,3,21,2
2015,12,15,10,24,0
2015,12,16,7,27,0
2015,12,17,13,20,1
2015,12,18,13,14,2
2015,12,19,5,15,1
2015,12,20,6,11,0
2015,12,21,10,19,0
2015,12,22,8,19,2
2015,12,23,7,19,1
2015,12,24,5,14,2
2015,12,25,4,10,0
2015,12,26,4,9,0
2015,12,27,3,9,0
2015,12,28,7,13,0
2015,12,29,3,16,2
2015,12,30,6,16,0
2015,12,31,4,18,0
2016,1,1,1,16,0
2016,1,2,4,12,0
2016,1,3,1,11,0
2016,1,4,4,18,1
2016,1,5,4,23,0
2016,1,6,7,21,1
2016,1,7,4,24,0
2016,1,8,5,21,1
2016,1,9,5,13,0
2016,1,10,5,10,1
2016,1,11,6,20,1
2016,1,12,11,17,0
2016,1,13,2,29,0
2016,1,14,6,23,3
2016,1,15,8,20,2
2016,1,16,4,16,0
2016,1,17,7,10,2
2016,1,18,8,19,0
2016,1,19,9,23,0
2016,1,20,6,26,0
2016,1,21,7,22,1
2016,1,22,8,22,1
2016,1,23,2,17,0
2016,1,24,2,12,1
2016,1,25,9,16,0
2016,1,26,8,18,2
2016,1,27,10,19,1
2016,1,28,7,25,1
2016,1,29,5,24,0
2016,1,30,3,15,0
2016,1,31,4,12,0
2016,2,1,9,16,2
2016,2,2,3,28,0
2016,2,3,8,20,2
2016,2,4,8,25,0
2016,2,5,7,19,1
2016,2,6,4,16,0
2016,2,7,4,11,1
2016,2,8,6,18,0
2016,2,9,9,21,1
2016,2,10,6,23,2
2016,2,11,9,21,2
2016,2,12,6,22,0
2016,2,13,7,13,1
2016,2,14,4,12,1
2016,2,15,8,16,0
2016,2,16,6,25,0
2016,2,17,9,24,0
2016,2,18,9,24,1
2016,2,19,12,20,0
2016,2,20,3,19,0
2016,2,21,5,11,0
2016,2,22,5,20,1
2016,2,23,4,26,1
2016,2,24,8,23,0
2016,2,25,12,20,2
2016,2,26,12,20,2
2016,2,27,8,15,0
2016,2,28,7,9,0
2016,2,29,5,20,2
2016,3,1,8,21,0
2016,3,2,6,21,1
2016,3,3,9,22,1
2016,3,4,9,22,0
2016,3,5,2,17,0
2016,3,6,4,13,0
2016,3,7,10,15,1
2016,3,8,4,26,1
2016,3,9,12,18,2
2016,3,10,12,20,1
2016,3,11,7,24,0
2016,3,12,5,14,0
2016,3,13,6,10,1
2016,3,14,8,20,0
2016,3,15,11,19,0
2016,3,16,15,16,0
2016,3,17,10,20,0
2016,3,18,7,20,0
2016,3,19,1,16,1
2016,3,20,3,12,0
2016,3,21,2,22,2
2016,3,22,6,25,0
2016,3,23,6,26,0
2016,3,24,6,24,3
2016,3,25,4,21,1
2016,3,26,1,18,0
2016,3,27,5,8,0
2016,3,28,5,18,0
2016,3,29,9,18,0
2016,3,30,7,21,1
2016,3,31,7,23,1
2016,4,1,9,18,0
2016,4,2,6,13,0
2016,4,3,4,9,0
2016,4,4,8,16,1
2016,4,5,5,21,1
2016,4,6,7,21,2
2016,4,7,5,23,2
2016,4,8,10,19,0
2016,4,9,6,11,0
2016,4,10,3,11,0
2016,4,11,11,14,0
2016,4,12,5,19,2
2016,4,13,5,22,2
2016,4,14,11,18,1
2016,4,15,8,21,0
2016,4,16,2,15,0
2016,4,17,4,11,0
2016,4,18,7,19,0
2016,4,19,9,20,1
2016,4,20,10,20,2
2016,4,21,6,25,0
2016,4,22,8,21,0
2016,4,23,3,14,2
2016,4,24,2,12,0
2016,4,25,8,20,2
2016,4,26,5,26,2
2016,4,27,6,24,2
2016,4,28,9,20,2
2016,4,29,11,19,1
2016,4,30,5,11,3
2016,5,1,0,13,1
2016,5,2,6,22,0
2016,5,3,10,24,0
2016,5,4,6,23,1
2016,5,5,7,23,1
2016,5,6,13,18,0
2016,5,7,8,10,0
2016,5,8,4,11,0
2016,5,9,8,18,2
2016,5,10,7,20,1
2016,5,11,8,23,1
2016,5,12,7,24,1
2016,5,13,7,23,0
2016,5,14,3,14,0
2016,5,15,5,8,1
2016,5,16,9,19,1
2016,5,17,12,20,2
2016,5,18,5,28,1
2016,5,19,8,24,1
2016,5,20,11,19,0
2016,5,21,2,18,0
2016,5,22,6,10,1
2016,5,23,7,21,1
2016,5,24,11,21,2
2016,5,25,8,23,2
2016,5,26,9,21,2
2016,5,27,6,24,1
2016,5,28,3,16,0
2016,5,29,2,13,0
2016,5,30,4,16,2
2016,5,31,9,20,3
2016,6,1,5,22,3
2016,6,2,9,20,1
2016,6,3,8,20,0
2016,6,4,3,18,1
2016,6,5,5,13,0
2016,6,6,11,15,2
2016,6,7,7,22,2
2016,6,8,10,21,0
2016,6,9,6,25,2
2016,6,10,11,20,0
2016,6,11,9,10,0
2016,6,12,8,11,0
2016,6,13,12,24,0
2016,6,14,12,28,2
2016,6,15,15,21,3
2016,6,16,6,28,3
2016,6,17,9,25,1
2016,6,18,3,17,0
2016,6,19,6,14,0
2016,6,20,11,20,2
2016,6,21,11,22,2
2016,6,22,13,20,2
2016,6,23,9,23,2
2016,6,24,9,22,0
2016,6,25,6,11,1
2016,6,26,4,11,1
2016,6,27,6,22,0
2016,6,28,7,22,1
2016,6,29,7,23,1
2016,6,30,8,25,1
2016,7,1,7,22,1
2016,7,2,7,12,0
2016,7,3,5,10,1
2016,7,4,7,12,1
2016,7,5,11,16,0
2016,7,6,11,19,0
2016,7,7,8,24,0
2016,7,8,8,18,0
2016,7,9,7,8,1
2016,7,10,6,8,2
2016,7,11,7,18,0
2016,7,12,7,21,1
2016,7,13,9,21,1
2016,7,14,3,28,0
2016,7,15,12,19,0
2016,7,16,6,10,0
2016,7,17,4,11,0
2016,7,18,9,14,4
2016,7,19,5,26,2
2016,7,20,7,26,0
2016,7,21,10,24,0
2016,7,22,7,26,2
2016,7,23,3,13,1
2016,7,24,3,13,0
2016,7,25,5,17,4
2016,7,26,8,21,1
2016,7,27,9,21,2
2016,7,28,7,23,1
2016,7,29,10,19,0
2016,7,30,3,16,0
2016,7,31,9,9,0
2016,8,1,12,15,1
2016,8,2,12,19,1
2016,8,3,11,20,1
2016,8,4,13,17,0
2016,8,5,7,20,1
2016,8,6,5,14,0
2016,8,7,6,10,1
2016,8,8,9,17,0
2016,8,9,11,19,1
2016,8,10,12,18,1
2016,8,11,5,26,1
2016,8,12,10,18,0
2016,8,13,5,13,0
2016,8,14,4,9,0
2016,8,15,5,20,0
2016,8,16,9,21,1
2016,8,17,8,23,1
2016,8,18,11,21,0
2016,8,19,9,23,0
2016,8,20,6,13,0
2016,8,21,4,11,0
2016,8,22,8,13,3
2016,8,23,6,23,1
2016,8,24,12,17,3
2016,8,25,9,21,2
2016,8,26,10,19,1
2016,8,27,6,10,2
2016,8,28,3,12,0
2016,8,29,6,19,0
2016,8,30,11,21,0
2016,8,31,10,18,4
2016,9,1,10,21,0
2016,9,2,9,18,1
2016,9,3,7,11,0
2016,9,4,2,16,0
2016,9,5,7,11,0
2016,9,6,5,22,2
2016,9,7,6,24,1
2016,9,8,6,26,0
2016,9,9,13,17,2
2016,9,10,9,13,1
2016,9,11,5,14,1
2016,9,12,11,19,0
2016,9,13,12,22,0
2016,9,14,11,23,1
2016,9,15,8,26,0
2016,9,16,9,25,1
2016,9,17,4,17,1
2016,9,18,7,10,0
2016,9,19,7,18,2
2016,9,20,7,21,3
2016,9,21,12,22,0
2016,9,22,9,24,1
2016,9,23,13,22,0
2016,9,24,6,15,0
2016,9,25,5,12,1
2016,9,26,8,23,0
2016,9,27,16,23,1
2016,9,28,15,22,0
2016,9,29,8,24,1
2016,9,30,11,23,1
2016,10,1,8,14,0
2016,10,2,7,7,3
2016,10,3,3,25,0
2016,10,4,7,24,1
2016,10,5,8,21,3
2016,10,6,10,22,2
2016,10,7,8,24,0
2016,10,8,7,14,0
2016,10,9,7,10,0
2016,10,10,9,21,1
2016,10,11,14,19,0
2016,10,12,7,22,2
2016,10,13,11,16,4
2016,10,14,12,18,1
2016,10,15,7,10,2
2016,10,16,5,12,0
2016,10,17,7,22,0
2016,10,18,12,20,1
2016,10,19,9,25,0
2016,10,20,11,30,0
2016,10,21,7,26,2
2016,10,22,9,10,0
2016,10,23,9,9,0
2016,10,24,10,19,0
2016,10,25,14,18,1
2016,10,26,12,23,1
2016,10,27,12,23,0
2016,10,28,14,17,0
2016,10,29,11,10,0
2016,10,30,5,12,1
2016,10,31,9,20,2
2016,11,1,6,24,1
2016,11,2,11,22,1
2016,11,3,8,25,0
2016,11,4,11,20,2
2016,11,5,9,10,0
2016,11,6,9,8,0
2016,11,7,5,21,2
2016,11,8,13,22,0
2016,11,9,21,29,0
2016,11,10,13,35,1
2016,11,11,14,28,1
2016,11,12,5,24,0
2016,11,13,4,17,2
2016,11,14,6,28,2
2016,11,15,9,26,3
2016,11,16,13,24,2
2016,11,17,8,28,1
2016,11,18,13,21,2
2016,11,19,9,13,0
2016,11,20,6,14,0
2016,11,21,11,23,1
2016,11,22,15,19,2
2016,11,23,11,22,0
2016,11,24,8,16,1
2016,11,25,2,19,0
2016,11,26,5,13,0
2016,11,27,3,12,0
2016,11,28,5,19,2
2016,11,29,5,25,0
2016,11,30,10,24,0
2016,12,1,12,19,2
2016,12,2,11,20,0
2016,12,3,4,13,2
2016,12,4,8,9,0
2016,12,5,7,18,0
2016,12,6,8,23,2
2016,12,7,14,17,2
2016,12,8,7,24,0
2016,12,9,11,19,2
2016,12,10,8,10,0
2016,12,11,5,11,0
2016,12,12,4,16,3
2016,12,13,6,22,2
2016,12,14,8,19,1
2016,12,15,5,26,0
2016,12,16,9,14,4
2016,12,17,6,12,0
2016,12,18,6,8,0
2016,12,19,5,17,0
2016,12,20,3,23,0
2016,12,21,9,17,1
2016,12,22,7,20,0
2016,12,23,13,12,0
2016,12,24,4,13,0
2016,12,25,4,8,0
2016,12,26,5,8,0
2016,12,27,6,14,0
2016,12,28,8,11,2
2016,12,29,6,15,1
2016,12,30,7,15,0
2016,12,31,3,9,0
2017,1,1,2,8,1
2017,1,2,6,9,0
2017,1,3,4,17,2
2017,1,4,10,18,0
2017,1,5,8,20,0
2017,1,6,11,14,0
2017,1,7,3,15,1
2017,1,8,5,8,1
2017,1,9,5,19,0
2017,1,10,8,21,1
2017,1,11,13,16,2
2017,1,12,13,19,0
2017,1,13,16,17,0
2017,1,14,6,12,1
2017,1,15,5,11,0
2017,1,16,6,20,1
2017,1,17,7,23,1
2017,1,18,10,24,1
2017,1,19,9,24,1
2017,1,20,11,23,1
2017,1,21,2,20,2
2017,1,22,3,15,1
2017,1,23,9,21,1
2017,1,24,9,27,1
2017,1,25,11,24,1
2017,1,26,13,23,1
2017,1,27,9,26,1
2017,1,28,8,20,1
2017,1,29,13,16,0
2017,1,30,18,30,0
2017,1,31,15,30,3
2017,2,1,15,30,1
2017,2,2,18,25,0
2017,2,3,8,32,1
2017,2,4,8,17,0
2017,2,5,9,12,0
2017,2,6,11,21,1
2017,2,7,7,26,3
2017,2,8,18,21,0
2017,2,9,16,20,2
2017,2,10,8,28,0
2017,2,11,7,15,0
2017,2,12,6,12,1
2017,2,13,11,17,1
2017,2,14,10,24,0
2017,2,15,11,21,2
2017,2,16,9,24,3
2017,2,17,18,17,1
2017,2,18,6,14,1
2017,2,19,7,9,0
2017,2,20,7,19,1
2017,2,21,17,18,1
2017,2,22,13,22,1
2017,2,23,10,24,1
2017,2,24,8,26,0
2017,2,25,7,13,0
2017,2,26,6,14,0
2017,2,27,13,17,0
2017,2,28,8,21,3
2017,3,1,12,23,2
2017,3,2,10,24,0
2017,3,3,13,19,0
2017,3,4,8,14,0
2017,3,5,7,10,0
2017,3,6,12,16,0
2017,3,7,6,27,1
2017,3,8,8,24,1
2017,3,9,14,22,0
2017,3,10,12,21,1
2017,3,11,11,11,0
2017,3,12,8,8,1
2017,3,13,9,18,2
2017,3,14,13,19,0
2017,3,15,8,24,0
2017,3,16,9,25,1
2017,3,17,9,23,1
2017,3,18,7,11,0
2017,3,19,6,10,0
2017,3,20,9,19,0
2017,3,21,10,20,1
2017,3,22,14,19,1
2017,3,23,9,23,1
2017,3,24,13,15,1
2017,3,25,7,11,0
2017,3,26,5,11,0
2017,3,27,8,19,0
2017,3,28,8,23,1
2017,3,29,12,22,1
2017,3,30,12,17,1
2017,3,31,7,20,1
2017,4,1,6,11,1
2017,4,2,8,7,0
2017,4,3,6,18,3
2017,4,4,12,16,2
2017,4,5,6,24,0
2017,4,6,6,24,2
2017,4,7,12,17,0
2017,4,8,7,12,1
2017,4,9,3,13,0
2017,4,10,3,19,1
2017,4,11,7,17,2
2017,4,12,11,15,4
2017,4,13,8,21,2
2017,4,14,6,19,0
2017,4,15,7,9,0
2017,4,16,3,11,0
2017,4,17,7,15,0
2017,4,18,8,17,2
2017,4,19,7,22,1
2017,4,20,12,17,0
2017,4,21,7,22,1
2017,4,22,7,12,0
2017,4,23,5,10,1
2017,4,24,10,17,2
2017,4,25,9,22,0
2017,4,26,6,19,3
2017,4,27,10,19,1
2017,4,28,10,21,0
2017,4,29,5,13,0
2017,4,30,3,11,0
2017,5,1,7,16,2
2017,5,2,10,18,1
2017,5,3,14,16,0
2017,5,4,9,19,0
2017,5,5,9,18,1
2017,5,6,8,10,0
2017,5,7,6,8,0
2017,5,8,6,19,1
2017,5,9,8,19,1
2017,5,10,11,16,0
2017,5,11,7,19,1
2017,5,12,16,13,1
2017,5,13,4,12,0
2017,5,14,2,13,0
2017,5,15,8,14,3
2017,5,16,4,19,2
2017,5,17,11,18,0
2017,5,18,7,25,0
2017,5,19,10,19,2
2017,5,20,4,11,2
2017,5,21,5,10,0
2017,5,22,3,24,1
2017,5,23,10,18,1
2017,5,24,15,14,0
2017,5,25,12,18,0
2017,5,26,10,18,2
2017,5,27,8,11,0
2017,5,28,5,11,0
2017,5,29,4,14,1
2017,5,30,8,18,1
2017,5,31,11,17,3
2017,6,1,12,18,1
2017,6,2,12,17,0
2017,6,3,5,12,0
2017,6,4,7,8,0
2017,6,5,9,16,0
2017,6,6,10,15,3
2017,6,7,7,20,3
2017,6,8,10,17,1
2017,6,9,8,16,3
2017,6,10,4,13,0
2017,6,11,3,12,0
2017,6,12,9,16,0
2017,6,13,11,19,0
2017,6,14,9,19,0
2017,6,15,5,21,1
2017,6,16,8,17,1
2017,6,17,6,10,0
2017,6,18,3,10,1
2017,6,19,11,13,1
2017,6,20,9,16,2
2017,6,21,5,21,3
2017,6,22,9,17,1
2017,6,23,10,18,0
2017,6,24,6,11,0
2017,6,25,2,11,0
2017,6,26,7,16,0
2017,6,27,8,15,2
2017,6,28,7,20,1
2017,6,29,5,19,2
2017,6,30,5,21,0
2017,7,1,5,10,1
2017,7,2,3,9,0
2017,7,3,9,11,0
2017,7,4,7,13,0
2017,7,5,5,19,0
2017,7,6,5,20,1
2017,7,7,5,18,2
2017,7,8,7,10,0
2017,7,9,4,9,0
2017,7,10,7,14,1
2017,7,11,5,15,3
2017,7,12,12,14,0
2017,7,13,8,19,0
2017,7,14,7,16,0
2017,7,15,7,7,1
2017,7,16,4,8,0
2017,7,17,5,16,1
2017,7,18,6,16,1
2017,7,19,4,20,0
2017,7,20,4,20,0
2017,7,21,5,16,2
2017,7,22,4,9,1
2017,7,23,3,9,0
2017,7,24,2,16,2
2017,7,25,5,19,0
2017,7,26,5,18,3
2017,7,27,13,15,0
2017,7,28,7,18,0
2017,7,29,6,11,0
2017,7,30,5,7,0
2017,7,31,7,12,0
2017,8,1,4,16,2
2017,8,2,9,20,0
2017,8,3,9,13,2
2017,8,4,4,19,1
2017,8,5,6,10,0
2017,8,6,8,5,0
2017,8,7,7,11,2
2017,8,8,5,19,0
2017,8,9,6,17,2
2017,8,10,8,15,0
2017,8,11,3,21,0
2017,8,12,5,9,1
2017,8,13,1,11,0
2017,8,14,8,12,1
2017,8,15,11,14,1
2017,8,16,12,15,1
2017,8,17,4,23,1
2017,8,18,11,15,0
2017,8,19,5,10,1
2017,8,20,5,8,0
2017,8,21,5,16,0
2017,8,22,10,15,0
2017,8,23,8,15,2
2017,8,24,5,22,0
2017,8,25,9,13,2
2017,8,26,2,12,1
2017,8,27,2,9,1
2017,8,28,6,13,1
2017,8,29,6,17,0
2017,8,30,8,18,0
2017,8,31,2,20,1
2017,9,1,5,18,0
2017,9,2,3,12,0
2017,9,3,6,5,0
2017,9,4,7,7,2
2017,9,5,4,19,1
2017,9,6,10,16,1
2017,9,7,2,23,1
2017,9,8,5,17,2
2017,9,9,5,12,0
2017,9,10,4,8,0
2017,9,11,5,18,0
2017,9,12,9,18,1
2017,9,13,4,23,1
2017,9,14,8,19,1
2017,9,15,8,16,1
2017,9,16,8,9,1
2017,9,17,5,10,1
2017,9,18,2,22,1
2017,9,19,9,19,1
2017,9,20,8,21,2
2017,9,21,8,20,2
2017,9,22,9,16,2
2017,9,23,4,12,2
2017,9,24,3,11,0
2017,9,25,12,12,1
2017,9,26,6,19,1
2017,9,27,9,16,2
2017,9,28,10,18,1
2017,9,29,6,18,3
2017,9,30,5,10,0
2017,10,1,2,11,0
2017,10,2,7,18,0
2017,10,3,8,22,2
2017,10,4,12,18,1
2017,10,5,8,22,0
2017,10,6,8,19,0
2017,10,7,2,14,0
2017,10,8,4,9,1
2017,10,9,8,14,0
2017,10,10,11,15,0
2017,10,11,5,21,1
2017,10,12,11,21,0
2017,10,13,6,21,0
2017,10,14,7,11,0
2017,10,15,5,6,2
2017,10,16,9,15,0
2017,10,17,14,17,0
2017,10,18,8,22,1
2017,10,19,8,19,2
2017,10,20,7,16,2
2017,10,21,5,12,0
2017,10,22,5,9,0
2017,10,23,8,19,1
2017,10,24,8,20,0
2017,10,25,6,25,0
2017,10,26,7,23,3
2017,10,27,6,21,0
2017,10,28,6,11,0
2017,10,29,3,10,0
2017,10,30,9,14,0
2017,10,31,13,17,0
2017,11,1,10,18,1
2017,11,2,10,17,1
2017,11,3,9,19,1
2017,11,4,7,13,0
2017,11,5,4,11,0
2017,11,6,7,14,1
2017,11,7,8,19,0
2017,11,8,6,23,1
2017,11,9,5,21,3
2017,11,10,10,17,2
2017,11,11,1,18,1
2017,11,12,4,11,1
2017,11,13,7,19,1
2017,11,14,6,21,2
2017,11,15,8,21,2
2017,11,16,10,18,2
2017,11,17,5,23,0
2017,11,18,3,13,0
2017,11,19,5,8,0
2017,11,20,6,19,1
2017,11,21,11,16,1
2017,11,22,10,15,2
2017,11,23,2,16,2
2017,11,24,3,14,1
2017,11,25,5,8,0
2017,11,26,7,5,0
2017,11,27,6,15,1
2017,11,28,10,18,0
2017,11,29,14,17,0
2017,11,30,10,18,0
2017,12,1,11,15,1
2017,12,2,3,15,0
2017,12,3,2,14,0
2017,12,4,11,12,1
2017,12,5,9,15,2
2017,12,6,6,23,0
2017,12,7,12,19,1
2017,12,8,7,20,1
2017,12,9,7,10,0
2017,12,10,5,8,1
2017,12,11,6,14,0
2017,12,12,9,15,1
2017,12,13,8,18,1
2017,12,14,7,20,0
2017,12,15,5,19,0
2017,12,16,2,12,1
2017,12,17,6,9,0
2017,12,18,7,13,1
2017,12,19,9,16,2
2017,12,20,7,17,2
2017,12,21,6,21,1
2017,12,22,6,21,0
2017,12,23,4,8,2
2017,12,24,4,8,0
2017,12,25,3,9,0
2017,12,26,5,9,0
2017,12,27,4,12,2
2017,12,28,7,11,2
2017,12,29,3,15,1
2017,12,30,3,10,0
2017,12,31,1,9,1
2018,1,1,3,8,0
2018,1,2,5,14,0
2018,1,3,4,21,0
2018,1,4,5,17,1
2018,1,5,5,16,0
2018,1,6,2,15,0
2018,1,7,7,4,1
2018,1,8,6,16,0
2018,1,9,8,17,2
2018,1,10,10,17,1
2018,1,11,8,18,2
2018,1,12,9,20,0
2018,1,13,4,13,0
2018,1,14,5,12,0
2018,1,15,11,12,0
2018,1,16,6,22,0
2018,1,17,11,18,1
2018,1,18,11,15,2
2018,1,19,11,18,0
2018,1,20,8,12,0
2018,1,21,8,7,0
2018,1,22,14,10,1
2018,1,23,8,20,0
2018,1,24,10,19,1
2018,1,25,14,18,0
2018,1,26,5,22,1
2018,1,27,6,15,0
2018,1,28,7,10,0
2018,1,29,6,18,0
2018,1,30,11,17,0
2018,1,31,14,18,0
2018,2,1,7,23,0
2018,2,2,8,23,0
2018,2,3,6,13,0
2018,2,4,2,14,0
2018,2,5,6,19,0
2018,2,6,7,19,1
2018,2,7,7,17,2
2018,2,8,7,19,0
2018,2,9,9,16,1
2018,2,10,3,13,0
2018,2,11,4,10,0
2018,2,12,8,18,0
2018,2,13,7,21,0
2018,2,14,4,24,2
2018,2,15,11,14,3
2018,2,16,11,18,0
2018,2,17,7,10,0
2018,2,18,4,9,0
2018,2,19,5,15,0
2018,2,20,6,16,2
2018,2,21,7,20,1
2018,2,22,9,18,1
2018,2,23,8,17,1
2018,2,24,5,10,2
2018,2,25,5,9,0
2018,2,26,7,15,1
2018,2,27,3,21,3
2018,2,28,6,21,2
2018,3,1,9,21,0
2018,3,2,4,23,0
2018,3,3,7,9,0
2018,3,4,5,8,1
2018,3,5,6,16,1
2018,3,6,6,22,0
2018,3,7,7,19,1
2018,3,8,5,20,3
2018,3,9,4,23,2
2018,3,10,9,10,0
2018,3,11,2,12,1
2018,3,12,10,12,1
2018,3,13,10,16,1
2018,3,14,6,22,1
2018,3,15,7,21,0
2018,3,16,7,19,1
2018,3,17,4,12,0
2018,3,18,5,8,0
2018,3,19,8,16,0
2018,3,20,12,12,1
2018,3,21,7,22,0
2018,3,22,8,19,1
2018,3,23,9,17,1
2018,3,24,2,13,1
2018,3,25,2,12,0
2018,3,26,8,13,2
2018,3,27,8,17,2
2018,3,28,11,15,0
2018,3,29,10,16,3
2018,3,30,8,16,0
2018,3,31,3,9,1
2018,4,1,8,5,0
2018,4,2,10,13,0
2018,4,3,6,21,1
2018,4,4,8,19,2
2018,4,5,7,22,1
2018,4,6,8,17,2
2018,4,7,5,11,0
2018,4,8,4,11,0
2018,4,9,6,17,1
2018,4,10,13,13,2
2018,4,11,14,14,1
2018,4,12,10,18,1
2018,4,13,10,15,2
2018,4,14,9,9,0
2018,4,15,1,12,1
2018,4,16,13,14,0
2018,4,17,6,20,0
2018,4,18,9,19,1
2018,4,19,9,21,0
2018,4,20,10,14,0
2018,4,21,8,8,0
2018,4,22,3,11,0
2018,4,23,6,16,3
2018,4,24,11,16,1
2018,4,25,7,21,0
2018,4,26,7,18,2
2018,4,27,10,18,0
2018,4,28,5,10,0
2018,4,29,2,13,0
2018,4,30,4,18,1
2018,5,1,10,16,0
2018,5,2,10,18,2
2018,5,3,7,23,0
2018,5,4,11,15,1
2018,5,5,0,14,1
2018,5,6,5,8,1
2018,5,7,7,13,2
2018,5,8,6,19,1
2018,5,9,6,22,1
2018,5,10,9,17,4
2018,5,11,6,20,1
2018,5,12,5,10,0
2018,5,13,4,9,1
2018,5,14,9,14,1
2018,5,15,8,18,1
2018,5,16,9,19,0
2018,5,17,10,17,0
2018,5,18,9,18,0
2018,5,19,1,16,1
2018,5,20,2,11,0
2018,5,21,7,16,0
2018,5,22,8,15,1
2018,5,23,12,14,0
2018,5,24,9,20,0
2018,5,25,6,16,2
2018,5,26,3,10,1
2018,5,27,3,9,1
2018,5,28,4,13,0
2018,5,29,6,17,2
2018,5,30,7,17,2
2018,5,31,3,22,1
2018,6,1,7,15,2
2018,6,2,7,7,1
2018,6,3,4,8,0
2018,6,4,5,15,0
2018,6,5,5,18,2
2018,6,6,6,22,0
2018,6,7,14,12,0
2018,6,8,11,14,0
2018,6,9,3,11,1
2018,6,10,8,6,0
2018,6,11,5,19,1
2018,6,12,8,17,1
2018,6,13,6,20,0
2018,6,14,9,18,0
2018,6,15,10,16,1
2018,6,16,5,9,1
2018,6,17,4,8,0
2018,6,18,9,15,1
2018,6,19,11,17,1
2018,6,20,11,23,0
2018,6,21,16,15,0
2018,6,22,8,21,0
2018,6,23,7,10,0
2018,6,24,8,7,0
2018,6,25,7,13,3
2018,6,26,6,22,1
2018,6,27,8,19,0
2018,6,28,10,17,1
2018,6,29,8,19,1
2018,6,30,3,11,1
2018,7,1,4,11,0
2018,7,2,8,13,1
2018,7,3,8,17,0
2018,7,4,5,18,0
2018,7,5,8,18,0
2018,7,6,10,13,0
2018,7,7,6,9,0
2018,7,8,4,6,0
2018,7,9,11,12,0
2018,7,10,7,21,1
2018,7,11,6,21,1
2018,7,12,9,18,1
2018,7,13,6,21,0
2018,7,14,5,10,1
2018,7,15,4,7,0
2018,7,16,11,13,0
2018,7,17,9,17,1
2018,7,18,7,17,2
2018,7,19,8,17,1
2018,7,20,5,17,2
2018,7,21,4,12,0
2018,7,22,3,7,1
2018,7,23,8,14,0
2018,7,24,7,18,0
2018,7,25,11,17,0
2018,7,26,11,15,2
2018,7,27,7,13,2
2018,7,28,5,9,1
2018,7,29,7,8,0
2018,7,30,9,13,0
2018,7,31,10,13,0
2018,8,1,1,23,0
2018,8,2,11,14,0
2018,8,3,5,14,2
2018,8,4,4,11,0
2018,8,5,2,9,1
2018,8,6,6,15,1
2018,8,7,5,17,3
2018,8,8,12,14,2
2018,8,9,8,19,1
2018,8,10,7,15,1
2018,8,11,4,10,0
2018,8,12,5,8,0
2018,8,13,9,11,1
2018,8,14,4,16,1
2018,8,15,11,12,0
2018,8,16,6,19,0
2018,8,17,6,15,1
2018,8,18,6,9,1
2018,8,19,2,10,0
2018,8,20,6,13,2
2018,8,21,8,12,0
2018,8,22,9,13,1
2018,8,23,7,17,3
2018,8,24,7,18,0
2018,8,25,2,12,0
2018,8,26,2,13,0
2018,8,27,6,13,1
2018,8,28,6,20,1
2018,8,29,8,15,2
2018,8,30,10,15,1
2018,8,31,7,16,1
2018,9,1,8,9,0
2018,9,2,2,10,0
2018,9,3,5,12,0
2018,9,4,11,11,1
2018,9,5,12,13,1
2018,9,6,11,12,1
2018,9,7,6,17,0
2018,9,8,3,10,2
2018,9,9,4,8,1
2018,9,10,6,15,0
2018,9,11,6,17,0
2018,9,12,7,19,1
2018,9,13,5,19,1
2018,9,14,6,15,0
2018,9,15,2,12,1
2018,9,16,3,6,2
2018,9,17,8,12,0
2018,9,18,5,21,1
2018,9,19,7,15,2
2018,9,20,7,17,1
2018,9,21,10,16,0
2018,9,22,7,9,0
2018,9,23,4,11,0
2018,9,24,7,15,0
2018,9,25,6,20,0
2018,9,26,11,18,0
2018,9,27,8,18,1
2018,9,28,5,21,2
2018,9,29,4,14,0
2018,9,30,4,8,1
2018,10,1,7,17,0
2018,10,2,8,19,2
2018,10,3,9,18,0
2018,10,4,11,17,0
2018,10,5,16,12,0
2018,10,6,8,8,1
2018,10,7,5,9,0
2018,10,8,6,15,1
2018,10,9,9,15,1
2018,10,10,7,20,0
2018,10,11,9,17,0
2018,10,12,8,15,1
2018,10,13,5,11,0
2018,10,14,4,9,0
2018,10,15,7,14,0
2018,10,16,9,19,0
2018,10,17,3,20,1
2018,10,18,12,13,1
2018,10,19,8,17,1
2018,10,20,4,10,1
2018,10,21,4,8,0
2018,10,22,9,13,1
2018,10,23,9,15,2
2018,10,24,6,19,0
2018,10,25,8,17,2
2018,10,26,8,19,0
2018,10,27,9,9,1
2018,10,28,8,12,1
2018,10,29,8,23,1
2018,10,30,13,16,3
2018,10,31,12,19,0
2018,11,1,11,20,1
2018,11,2,5,23,0
2018,11,3,4,15,0
2018,11,4,4,9,0
2018,11,5,9,15,1
2018,11,6,10,14,2
2018,11,7,8,16,1
2018,11,8,8,18,1
2018,11,9,5,21,0
2018,11,10,6,12,0
2018,11,11,3,12,0
2018,11,12,5,19,0
2018,11,13,5,19,1
2018,11,14,3,21,0
2018,11,15,7,18,0
2018,11,16,7,15,2
2018,11,17,7,9,0
2018,11,18,2,10,0
2018,11,19,11,7,2
2018,11,20,6,16,1
2018,11,21,7,18,0
2018,11,22,6,11,0
2018,11,23,5,13,0
2018,11,24,6,8,0
2018,11,25,2,10,0
2018,11,26,9,10,0
2018,11,27,6,19,1
2018,11,28,5,21,0
2018,11,29,10,15,1
2018,11,30,7,17,1
2018,12,1,3,13,1
2018,12,2,3,11,1
2018,12,3,9,12,1
2018,12,4,9,15,1
2018,12,5,11,13,1
2018,12,6,9,15,1
2018,12,7,8,17,0
2018,12,8,1,11,3
2018,12,9,5,7,0
2018,12,10,7,13,1
2018,12,11,10,13,0
2018,12,12,7,18,1
2018,12,13,8,14,2
2018,12,14,13,8,2
2018,12,15,4,8,1
2018,12,16,3,9,0
2018,12,17,3,18,0
2018,12,18,6,18,0
2018,12,19,4,19,1
2018,12,20,8,15,2
2018,12,21,12,10,1
2018,12,22,3,10,0
2018,12,23,5,7,0
2018,12,24,3,10,0
2018,12,25,3,8,0
2018,12,26,5,10,0
2018,12,27,7,9,0
2018,12,28,5,12,0
2018,12,29,8,4,0
2018,12,30,3,7,0
2018,12,31,7,6,1
2019,1,1,1,11,0
2019,1,2,8,9,0
2019,1,3,8,10,2
2019,1,4,10,9,2
2019,1,5,3,11,1
2019,1,6,5,8,1
2019,1,7,8,12,0
2019,1,8,4,16,2
2019,1,9,9,17,0
2019,1,10,10,15,0
2019,1,11,8,15,0
2019,1,12,7,8,1
2019,1,13,3,8,0
2019,1,14,7,11,2
2019,1,15,8,15,0
2019,1,16,12,14,0
2019,1,17,8,17,0
2019,1,18,6,17,1
2019,1,19,10,7,0
2019,1,20,1,12,0
2019,1,21,6,15,2
2019,1,22,8,17,0
2019,1,23,12,13,1
2019,1,24,10,16,0
2019,1,25,3,19,2
2019,1,26,10,7,0
2019,1,27,5,7,0
2019,1,28,8,15,0
2019,1,29,10,12,1
2019,1,30,6,19,0
2019,1,31,2,20,1
2019,2,1,6,16,1
2019,2,2,5,8,1
2019,2,3,6,5,0
2019,2,4,5,16,0
2019,2,5,6,17,1
2019,2,6,10,16,1
2019,2,7,8,16,1
2019,2,8,5,19,0
2019,2,9,4,8,2
2019,2,10,5,7,0
2019,2,11,6,13,0
2019,2,12,10,13,2
2019,2,13,10,12,2
2019,2,14,8,17,0
2019,2,15,11,13,0
2019,2,16,3,12,0
2019,2,17,4,8,0
2019,2,18,2,15,0
2019,2,19,5,17,1
2019,2,20,7,18,0
2019,2,21,9,18,1
2019,2,22,6,17,0
2019,2,23,2,11,2
2019,2,24,3,9,0
2019,2,25,4,16,0
2019,2,26,7,15,2
2019,2,27,9,16,1
2019,2,28,12,14,0
2019,3,1,11,13,0
2019,3,2,3,12,0
2019,3,3,5,6,2
2019,3,4,5,15,0
2019,3,5,7,15,1
2019,3,6,9,15,0
2019,3,7,9,16,0
2019,3,8,8,14,2
2019,3,9,5,9,1
2019,3,10,5,7,0
2019,3,11,12,10,0
2019,3,12,10,14,1
2019,3,13,5,17,1
2019,3,14,7,16,1
2019,3,15,6,18,1
2019,3,16,6,7,1
2019,3,17,5,8,1
2019,3,18,7,12,1
2019,3,19,6,19,1
2019,3,20,5,21,0
2019,3,21,6,17,0
2019,3,22,6,13,1
2019,3,23,4,11,0
2019,3,24,1,10,1
2019,3,25,7,14,2
2019,3,26,7,15,1
2019,3,27,11,12,1
2019,3,28,8,17,0
2019,3,29,10,11,1
2019,3,30,4,10,0
2019,3,31,3,8,1
2019,4,1,9,9,1
2019,4,2,7,16,1
2019,4,3,8,16,1
2019,4,4,5,17,0
2019,4,5,6,14,1
2019,4,6,8,6,0
2019,4,7,6,5,0
2019,4,8,13,9,0
2019,4,9,7,21,0
2019,4,10,7,17,1
2019,4,11,10,15,1
2019,4,12,11,15,0
2019,4,13,7,8,0
2019,4,14,7,5,0
2019,4,15,8,14,0
2019,4,16,6,15,1
2019,4,17,6,17,0
2019,4,18,7,15,2
2019,4,19,4,15,0
2019,4,20,7,6,0
2019,4,21,2,8,0
2019,4,22,4,13,0
2019,4,23,4,16,1
2019,4,24,4,17,1
2019,4,25,1,19,2
2019,4,26,7,15,1
2019,4,27,2,11,0
2019,4,28,4,6,1
2019,4,29,5,15,1
2019,4,30,6,15,2
2019,5,1,9,16,1
2019,5,2,12,13,1
2019,5,3,5,20,0
2019,5,4,5,7,1
2019,5,5,4,8,0
2019,5,6,4,15,0
2019,5,7,6,17,1
2019,5,8,7,15,3
2019,5,9,6,18,0
2019,5,10,7,13,2
2019,5,11,5,7,0
2019,5,12,3,9,0
2019,5,13,5,16,0
2019,5,14,5,15,2
2019,5,15,9,12,3
2019,5,16,10,14,0
2019,5,17,8,15,0
2019,5,18,5,8,0
2019,5,19,5,7,0
2019,5,20,4,16,1
2019,5,21,7,16,0
2019,5,22,8,16,0
2019,5,23,5,19,1
2019,5,24,10,13,1
2019,5,25,2,12,0
2019,5,26,3,8,0
2019,5,27,6,9,0
2019,5,28,7,15,0
2019,5,29,10,13,1
2019,5,30,5,16,1
2019,5,31,10,10,1
2019,6,1,7,7,0
2019,6,2,7,5,0
2019,6,3,7,12,1
2019,6,4,11,14,0
2019,6,5,4,19,1
2019,6,6,12,13,0
2019,6,7,5,15,1
2019,6,8,6,7,0
2019,6,9,4,7,0
2019,6,10,7,11,1
2019,6,11,1,21,0
2019,6,12,3,19,0
2019,6,13,6,16,1
2019,6,14,11,13,0
2019,6,15,6,8,0
2019,6,16,4,6,1
2019,6,17,4,15,0
2019,6,18,7,13,0
2019,6,19,11,14,1
2019,6,20,8,15,0
2019,6,21,3,17,2
2019,6,22,2,8,2
2019,6,23,5,5,0
2019,6,24,7,12,1
2019,6,25,9,14,0
2019,6,26,9,15,1
2019,6,27,5,20,0
2019,6,28,7,14,1
2019,6,29,5,8,0
2019,6,30,3,9,0
2019,7,1,2,16,1
2019,7,2,6,16,0
2019,7,3,8,13,2
2019,7,4,4,13,0
2019,7,5,5,13,0
2019,7,6,6,7,0
2019,7,7,3,7,1
2019,7,8,5,13,1
2019,7,9,6,14,1
2019,7,10,7,11,3
2019,7,11,3,19,1
2019,7,12,5,15,1
2019,7,13,4,8,0
2019,7,14,2,7,0
2019,7,15,5,13,3
2019,7,16,10,14,1
2019,7,17,5,19,0
2019,7,18,4,20,0
2019,7,19,6,15,0
2019,7,20,5,9,0
2019,7,21,6,5,0
2019,7,22,7,12,0
2019,7,23,8,11,2
2019,7,24,8,16,1
2019,7,25,8,17,1
2019,7,26,6,15,0
2019,7,27,4,9,1
2019,7,28,6,5,0
2019,7,29,8,9,1
2019,7,30,5,17,0
2019,7,31,9,12,0
2019,8,1,6,15,2
2019,8,2,9,13,0
2019,8,3,5,8,0
2019,8,4,3,7,1
2019,8,5,7,10,1
2019,8,6,6,13,3
2019,8,7,4,17,1
2019,8,8,6,14,0
2019,8,9,6,13,0
2019,8,10,5,6,0
2019,8,11,3,7,0
2019,8,12,6,11,0
2019,8,13,6,14,0
2019,8,14,8,12,1
2019,8,15,8,11,1
2019,8,16,4,15,0
2019,8,17,3,8,0
2019,8,18,4,5,0
2019,8,19,5,13,2
2019,8,20,9,10,1
2019,8,21,9,14,1
2019,8,22,6,15,0
2019,8,23,5,15,0
2019,8,24,2,10,0
2019,8,25,6,5,0
2019,8,26,4,14,0
2019,8,27,7,11,1
2019,8,28,9,13,0
2019,8,29,5,15,1
2019,8,30,8,11,0
2019,8,31,1,10,0
2019,9,1,5,5,0
2019,9,2,3,10,0
2019,9,3,8,12,1
2019,9,4,5,15,1
2019,9,5,6,14,1
2019,9,6,7,12,1
2019,9,7,3,8,0
2019,9,8,4,7,0
2019,9,9,7,11,2
2019,9,10,3,18,0
2019,9,11,6,15,1
2019,9,12,6,16,0
2019,9,13,8,13,0
2019,9,14,3,7,1
2019,9,15,3,7,0
2019,9,16,7,12,0
2019,9,17,7,13,0
2019,9,18,8,15,0
2019,9,19,8,13,1
2019,9,20,8,11,1
2019,9,21,2,10,0
2019,9,22,5,6,0
2019,9,23,5,14,0
2019,9,24,6,17,0
2019,9,25,6,16,1
2019,9,26,6,13,0
2019,9,27,11,12,0
2019,9,28,3,11,0
2019,9,29,6,6,0
2019,9,30,11,9,0
2019,10,1,8,12,0
2019,10,2,11,10,1
2019,10,3,7,15,0
2019,10,4,5,14,1
2019,10,5,5,6,0
2019,10,6,2,8,0
2019,10,7,13,8,0
2019,10,8,4,17,1
2019,10,9,13,10,2
2019,10,10,8,13,3
2019,10,11,9,15,0
2019,10,12,1,11,0
2019,10,13,5,7,0
2019,10,14,3,16,0
2019,10,15,11,11,1
2019,10,16,11,13,0
2019,10,17,8,12,2
2019,10,18,5,16,1
2019,10,19,4,8,0
2019,10,20,3,7,0
2019,10,21,8,10,1
2019,10,22,6,15,0
2019,10,23,10,11,2
2019,10,24,4,18,3
2019,10,25,5,16,1
2019,10,26,2,12,1
2019,10,27,4,9,0
2019,10,28,7,14,0
2019,10,29,9,12,2
2019,10,30,8,16,0
2019,10,31,9,8,3
2019,11,1,8,13,0
2019,11,2,4,11,0
2019,11,3,3,8,0
2019,11,4,9,10,1
2019,11,5,10,14,0
2019,11,6,8,15,0
2019,11,7,4,20,0
2019,11,8,6,14,0
2019,11,9,3,11,0
2019,11,10,3,9,0
2019,11,11,5,14,0
2019,11,12,5,15,3
2019,11,13,10,13,0
2019,11,14,4,18,1
2019,11,15,9,15,0
2019,11,16,5,9,0
2019,11,17,3,9,0
2019,11,18,6,13,0
2019,11,19,4,18,1
2019,11,20,11,13,1
2019,11,21,7,17,1
2019,11,22,11,10,0
2019,11,23,3,11,0
2019,11,24,3,8,0
2019,11,25,8,12,0
2019,11,26,7,15,0
2019,11,27,8,11,1
2019,11,28,5,11,0
2019,11,29,4,9,0
2019,11,30,5,6,0
2019,12,1,3,7,0
2019,12,2,6,9,1
2019,12,3,6,16,0
2019,12,4,11,13,0
2019,12,5,7,16,0
2019,12,6,4,16,0
2019,12,7,4,8,0
2019,12,8,2,8,0
2019,12,9,7,10,0
2019,12,10,8,11,1
2019,12,11,10,11,1
2019,12,12,5,13,2
2019,12,13,6,13,1
2019,12,14,4,7,0
2019,12,15,2,7,0
2019,12,16,4,11,1
2019,12,17,7,12,1
2019,12,18,8,13,0
2019,12,19,7,15,0
2019,12,20,4,15,2
2019,12,21,3,10,0
2019,12,22,0,9,1
2019,12,23,3,13,0
2019,12,24,6,7,0
2019,12,25,3,6,0
2019,12,26,4,7,1
2019,12,27,3,11,0
2019,12,28,3,5,0
2019,12,29,2,5,0
2019,12,30,7,5,1
2019,12,31,1,12,0
2020,1,1,2,7,0
2020,1,2,4,10,1
2020,1,3,8,13,0
2020,1,4,4,10,0
2020,1,5,6,11,0
2020,1,6,7,10,2
2020,1,7,6,13,2
2020,1,8,7,16,0
2020,1,9,4,18,0
2020,1,10,9,14,0
2020,1,11,4,9,0
2020,1,12,3,8,0
2020,1,13,6,13,0
2020,1,14,2,20,0
2020,1,15,9,10,1
2020,1,16,7,14,2
2020,1,17,9,13,0
2020,1,18,3,9,0
2020,1,19,5,5,0
2020,1,20,3,15,0
2020,1,21,2,19,2
2020,1,22,3,18,1
2020,1,23,7,14,2
2020,1,24,14,8,1
2020,1,25,4,11,0
2020,1,26,5,6,0
2020,1,27,6,12,0
2020,1,28,4,15,2
2020,1,29,6,12,2
2020,1,30,6,12,3
2020,1,31,10,11,0
2020,2,1,6,8,0
2020,2,2,3,7,0
2020,2,3,2,16,0
2020,2,4,5,12,2
2020,2,5,6,16,0
2020,2,6,6,15,2
2020,2,7,7,13,0
2020,2,8,4,7,1
2020,2,9,2,7,0
2020,2,10,3,12,1
2020,2,11,5,11,1
2020,2,12,5,15,0
2020,2,13,6,15,0
2020,2,14,6,14,1
2020,2,15,7,7,0
2020,2,16,4,6,0
2020,2,17,9,10,0
2020,2,18,8,11,2
2020,2,19,4,18,1
2020,2,20,6,15,2
2020,2,21,8,12,1
2020,2,22,4,10,0
2020,2,23,0,10,0
2020,2,24,7,9,0
2020,2,25,6,15,1
2020,2,26,6,15,0
2020,2,27,12,10,1
2020,2,28,7,15,0
2020,2,29,4,9,2
2020,3,1,3,8,0
2020,3,2,3,13,1
2020,3,3,5,17,0
2020,3,4,7,13,0
2020,3,5,9,12,0
2020,3,6,6,13,0
2020,3,7,3,8,1
2020,3,8,4,5,0
2020,3,9,8,10,0
2020,3,10,6,13,0
2020,3,11,9,13,0
2020,3,12,3,19,1
2020,3,13,4,15,1
2020,3,14,5,9,0
2020,3,15,6,5,0
2020,3,16,8,10,0
2020,3,17,8,9,0
2020,3,18,7,11,2
2020,3,19,10,10,1
2020,3,20,8,11,0
2020,3,21,3,7,1
2020,3,22,3,5,0
2020,3,23,6,10,1
2020,3,24,7,12,1
2020,3,25,4,15,1
2020,3,26,4,16,1
2020,3,27,8,11,0
2020,3,28,5,7,0
2020,3,29,5,4,1
2020,3,30,7,9,0
2020,3,31,6,11,1
2020,4,1,4,13,0
2020,4,2,8,10,1
2020,4,3,5,11,1
2020,4,4,3,9,1
2020,4,5,2,7,0
2020,4,6,6,10,0
2020,4,7,5,12,1
2020,4,8,6,13,0
2020,4,9,4,12,1
2020,4,10,4,12,1
2020,4,11,6,5,1
2020,4,12,0,9,0
2020,4,13,5,9,1
2020,4,14,4,14,1
2020,4,15,11,9,0
2020,4,16,10,9,0
2020,4,17,8,10,0
2020,4,18,3,9,0
2020,4,19,5,4,0
2020,4,20,3,13,1
2020,4,21,4,13,0
2020,4,22,8,8,2
2020,4,23,3,18,0
2020,4,24,8,10,0
2020,4,25,5,5,1
2020,4,26,2,8,0
2020,4,27,2,11,3
2020,4,28,7,12,1
2020,4,29,11,10,0
2020,4,30,10,9,1
2020,5,1,3,16,1
2020,5,2,2,10,0
2020,5,3,5,4,0
2020,5,4,8,8,1
2020,5,5,5,10,2
2020,5,6,6,12,1
2020,5,7,9,11,1
2020,5,8,5,14,0
2020,5,9,3,9,0
2020,5,10,4,5,0
2020,5,11,3,10,2
2020,5,12,5,11,2
2020,5,13,6,10,3
2020,5,14,11,9,0
2020,5,15,8,12,0
2020,5,16,4,7,0
2020,5,17,4,5,0
2020,5,18,6,10,0
2020,5,19,3,14,1
2020,5,20,5,13,0
2020,5,21,7,12,0
2020,5,22,4,12,2
2020,5,23,4,6,0
2020,5,24,2,6,0
2020,5,25,6,7,0
2020,5,26,5,10,3
2020,5,27,8,14,0
2020,5,28,6,16,1
2020,5,29,9,13,2
2020,5,30,9,9,0
2020,5,31,11,5,0
2020,6,1,9,17,0
2020,6,2,15,17,1
2020,6,3,12,20,0
2020,6,4,15,19,0
2020,6,5,13,17,1
2020,6,6,8,13,0
2020,6,7,6,11,0
2020,6,8,10,13,0
2020,6,9,17,13,0
2020,6,10,11,17,1
2020,6,11,4,23,1
2020,6,12,9,12,2
2020,6,13,7,10,0
2020,6,14,6,8,0
2020,6,15,7,16,0
2020,6,16,10,16,1
2020,6,17,4,22,2
2020,6,18,8,17,1
2020,6,19,10,13,0
2020,6,20,9,7,1
2020,6,21,4,7,0
2020,6,22,4,15,1
2020,6,23,7,17,0
2020,6,24,6,16,0
2020,6,25,9,16,0
2020,6,26,11,11,0
2020,6,27,8,7,0
2020,6,28,4,8,0
2020,6,29,3,17,0
2020,6,30,5,18,1
2020,7,1,7,16,0
2020,7,2,9,11,2
2020,7,3,4,15,0
2020,7,4,0,12,0
2020,7,5,3,9,0
2020,7,6,7,10,2
2020,7,7,7,16,0
2020,7,8,10,12,1
2020,7,9,11,12,0
2020,7,10,6,13,1
2020,7,11,4,8,0
2020,7,12,3,7,0
2020,7,13,6,11,0
2020,7,14,9,8,1
2020,7,15,3,19,0
2020,7,16,6,14,1
2020,7,17,5,16,1
2020,7,18,7,5,0
2020,7,19,3,8,0
2020,7,20,6,11,1
2020,7,21,7,11,0
2020,7,22,11,8,2
2020,7,23,6,15,0
2020,7,24,12,6,0
2020,7,25,5,6,0
2020,7,26,4,5,0
2020,7,27,8,7,0
2020,7,28,7,13,1
2020,7,29,9,12,0
2020,7,30,4,16,1
2020,7,31,7,12,2
2020,8,1,4,7,0
2020,8,2,4,6,0
2020,8,3,2,14,0
2020,8,4,10,9,1
2020,8,5,5,15,0
2020,8,6,5,13,2
2020,8,7,7,12,2
2020,8,8,6,6,0
2020,8,9,2,8,0
2020,8,10,9,8,0
2020,8,11,4,13,3
2020,8,12,5,13,1
2020,8,13,6,14,0
2020,8,14,7,9,1
2020,8,15,5,7,0
2020,8,16,8,2,0
2020,8,17,8,7,2
2020,8,18,5,14,2
2020,8,19,7,12,1
2020,8,20,8,13,1
2020,8,21,8,12,0
2020,8,22,1,8,1
2020,8,23,2,8,0
2020,8,24,6,10,0
2020,8,25,9,12,0
2020,8,26,8,12,0
2020,8,27,4,18,0
2020,8,28,7,10,1
2020,8,29,3,9,0
2020,8,30,1,8,0
2020,8,31,7,8,2
2020,9,1,6,12,0
2020,9,2,8,12,1
2020,9,3,8,13,0
2020,9,4,7,12,2
2020,9,5,4,8,0
2020,9,6,4,5,0
2020,9,7,5,9,1
2020,9,8,9,9,0
2020,9,9,6,13,1
2020,9,10,9,11,2
2020,9,11,7,12,1
2020,9,12,1,10,1
2020,9,13,2,9,0
2020,9,14,1,12,3
2020,9,15,9,13,0
2020,9,16,8,14,0
2020,9,17,6,17,0
2020,9,18,4,17,1
2020,9,19,3,11,0
2020,9,20,5,6,0
2020,9,21,2,16,0
2020,9,22,8,11,2
2020,9,23,5,19,1
2020,9,24,11,9,2
2020,9,25,5,14,1
2020,9,26,3,6,1
2020,9,27,4,8,0
2020,9,28,5,13,0
2020,9,29,7,11,2
2020,9,30,9,12,1
2020,10,1,8,13,2
2020,10,2,6,12,0
2020,10,3,3,6,0
2020,10,4,4,3,0
2020,10,5,3,11,0
2020,10,6,10,10,0
2020,10,7,4,13,0
2020,10,8,4,14,0
2020,10,9,6,6,0
2020,10,10,3,8,0
2020,10,11,3,6,0
2020,10,12,3,10,0
2020,10,13,8,8,0
2020,10,14,3,14,1
2020,10,15,2,12,0
2020,10,16,2,3,1
2020,10,17,1,7,0
2020,10,18,4,4,0
2020,10,19,2,8,0
2020,10,20,6,6,2
2020,10,21,5,8,0
2020,10,22,5,8,0
2020,10,23,2,5,2
2020,10,24,1,5,1
2020,10,25,2,5,0
2020,10,26,3,7,1
2020,10,27,3,9,1
2020,10,28,1,13,0
2020,10,29,3,6,1
2020,10,30,3,3,0
2020,10,31,2,2,0
2020,11,1,2,4,0
2020,11,2,2,8,1
2020,11,3,4,1,1
2020,11,4,6,7,0
2020,11,5,1,6,0
2020,11,6,1,2,0
2020,11,7,0,2,0
2020,11,8,1,5,0
2020,11,9,4,5,2
2020,11,10,2,8,1
2020,11,11,1,9,0
2020,11,12,0,7,2
2020,11,13,1,2,0
2020,11,14,0,1,0
2020,11,15,1,1,0
2020,11,16,3,3,0
2020,11,17,4,3,1
2020,11,18,7,14,0
2020,11,19,5,16,1
2020,11,20,8,10,1
2020,11,21,6,6,0
2020,11,22,3,6,1
2020,11,23,2,15,0
2020,11,24,6,13,0
2020,11,25,7,11,0
2020,11,26,6,8,2
2020,11,27,5,8,0
2020,11,28,4,6,0
2020,11,29,3,5,0
2020,11,30,4,9,1
2020,12,1,9,8,0
2020,12,2,8,8,1
2020,12,3,2,16,0
2020,12,4,5,11,0
2020,12,5,4,6,0
2020,12,6,4,4,0
2020,12,7,2,10,1
2020,12,8,1,15,0
2020,12,9,9,10,0
2020,12,10,4,13,1
2020,12,11,6,11,1
2020,12,12,2,10,0
2020,12,13,1,6,0
2020,12,14,3,10,1
2020,12,15,5,12,1
2020,12,16,6,12,0
2020,12,17,7,9,1
2020,12,18,8,11,0
2020,12,19,5,4,1
2020,12,20,3,6,1
2020,12,21,7,9,0
2020,12,22,3,15,0
2020,12,23,4,11,1
2020,12,24,2,9,2
2020,12,25,1,7,0
2020,12,26,4,3,0
2020,12,27,2,4,0
2020,12,28,2,10,0
2020,12,29,5,9,0
2020,12,30,9,5,0
2020,12,31,5,7,1
2021,1,1,3,5,1
2021,1,2,4,4,0
2021,1,3,2,6,0
2021,1,4,7,9,1
2021,1,5,4,9,1
2021,1,6,8,9,2
2021,1,7,10,12,0
2021,1,8,6,12,1
2021,1,9,7,7,0
2021,1,10,4,5,1
2021,1,11,4,12,1
2021,1,12,6,15,0
2021,1,13,8,14,1
2021,1,14,11,11,0
2021,1,15,8,13,1
2021,1,16,5,7,1
2021,1,17,1,9,0
2021,1,18,5,11,0
2021,1,19,7,13,1
2021,1,20,3,20,0
2021,1,21,5,20,1
2021,1,22,5,15,0
2021,1,23,6,8,0
2021,1,24,3,6,0
2021,1,25,2,11,2
2021,1,26,3,14,0
2021,1,27,5,14,2
2021,1,28,9,11,0
2021,1,29,5,12,1
2021,1,30,3,9,0
2021,1,31,3,5,0
2021,2,1,6,7,2
2021,2,2,6,12,1
2021,2,3,11,9,1
2021,2,4,5,13,2
2021,2,5,5,14,0
2021,2,6,2,11,0
2021,2,7,2,6,1
2021,2,8,4,12,0
2021,2,9,4,17,0
2021,2,10,5,14,2
2021,2,11,10,10,0
2021,2,12,7,12,0
2021,2,13,6,7,0
2021,2,14,5,5,0
2021,2,15,5,9,0
2021,2,16,9,9,1
2021,2,17,7,12,3
2021,2,18,3,15,0
2021,2,19,4,11,1
2021,2,20,3,8,0
2021,2,21,0,9,0
2021,2,22,3,13,0
2021,2,23,5,12,1
2021,2,24,4,13,1
2021,2,25,6,11,1
2021,2,26,4,11,2
2021,2,27,5,6,1
2021,2,28,1,8,0
2021,3,1,3,11,1
2021,3,2,5,15,0
2021,3,3,7,12,0
2021,3,4,7,10,1
2021,3,5,5,12,0
2021,3,6,3,9,0
2021,3,7,3,6,0
2021,3,8,3,14,0
2021,3,9,4,13,1
2021,3,10,5,14,1
2021,3,11,8,14,0
2021,3,12,6,14,0
2021,3,13,1,10,0
2021,3,14,3,6,0
2021,3,15,6,10,0
2021,3,16,6,11,0
2021,3,17,6,17,0
2021,3,18,10,9,1
2021,3,19,7,14,0
2021,3,20,2,10,0
2021,3,21,1,8,0
2021,3,22,3,13,1
2021,3,23,8,12,0
2021,3,24,7,14,0
2021,3,25,4,14,1
2021,3,26,7,11,1
2021,3,27,1,9,1
2021,3,28,2,7,0
2021,3,29,6,12,1
2021,3,30,7,14,0
2021,3,31,4,15,1
2021,4,1,5,13,0
2021,4,2,6,10,1
2021,4,3,6,4,0
2021,4,4,5,1,1
2021,4,5,5,9,1
2021,4,6,5,12,0
2021,4,7,6,11,1
2021,4,8,6,11,1
2021,4,9,8,9,1
2021,4,10,2,6,0
2021,4,11,1,7,0
2021,4,12,3,12,0
2021,4,13,3,13,1
2021,4,14,7,12,1
2021,4,15,5,14,2
2021,4,16,6,14,0
2021,4,17,3,8,0
2021,4,18,0,9,0
2021,4,19,4,13,0
2021,4,20,7,13,1
2021,4,21,6,18,1
2021,4,22,7,13,1
2021,4,23,3,15,1
2021,4,24,2,9,0
2021,4,25,1,8,1
2021,4,26,5,13,0
2021,4,27,7,13,0
2021,4,28,3,17,0
2021,4,29,2,16,2
2021,4,30,3,12,1
2021,5,1,4,8,0
2021,5,2,0,8,0
2021,5,3,2,11,2
2021,5,4,4,13,1
2021,5,5,7,13,1
2021,5,6,5,13,1
2021,5,7,6,11,0
2021,5,8,5,4,1
2021,5,9,4,4,0
2021,5,10,3,10,1
2021,5,11,5,11,1
2021,5,12,7,9,1
2021,5,13,5,11,2
2021,5,14,5,10,1
2021,5,15,3,6,1
2021,5,16,4,4,0
2021,5,17,4,12,0
2021,5,18,5,9,2
2021,5,19,6,11,1
2021,5,20,1,17,0
2021,5,21,4,12,2
2021,5,22,4,6,0
2021,5,23,1,7,0
2021,5,24,3,11,0
2021,5,25,4,13,1
2021,5,26,9,11,0
2021,5,27,6,11,2
2021,5,28,6,10,0
2021,5,29,4,6,0
2021,5,30,2,6,0
2021,5,31,5,6,0
2021,6,1,6,9,1
2021,6,2,4,13,0
2021,6,3,6,12,0
2021,6,4,4,11,1
2021,6,5,3,5,0
2021,6,6,3,5,1
2021,6,7,5,9,1
2021,6,8,4,12,0
2021,6,9,5,13,1
2021,6,10,7,14,1
2021,6,11,5,11,0
2021,6,12,3,7,0
2021,6,13,2,7,0
2021,6,14,5,10,1
2021,6,15,3,15,1
2021,6,16,9,9,0
2021,6,17,7,10,1
2021,6,18,1,15,1
2021,6,19,2,8,0
2021,6,20,0,6,0
2021,6,21,2,10,1
2021,6,22,7,10,0
2021,6,23,8,11,2
2021,6,24,5,15,0
2021,6,25,3,12,2
2021,6,26,3,7,0
2021,6,27,3,3,1
2021,6,28,6,9,0
2021,6,29,5,9,1
2021,6,30,1,14,1
2021,7,1,5,12,0
2021,7,2,2,11,1
2021,7,3,4,6,0
2021,7,4,2,5,0
2021,7,5,4,6,0
2021,7,6,4,6,3
2021,7,7,6,9,1
2021,7,8,9,8,0
2021,7,9,3,12,0
2021,7,10,2,6,0
2021,7,11,2,6,0
2021,7,12,5,10,0
2021,7,13,5,8,1
2021,7,14,6,12,0
2021,7,15,5,12,0
2021,7,16,5,9,1
2021,7,17,4,4,0
2021,7,18,3,3,0
2021,7,19,4,9,0
2021,7,20,8,7,0
2021,7,21,3,9,3
2021,7,22,2,13,0
2021,7,23,1,13,0
2021,7,24,1,8,0
2021,7,25,4,2,0
2021,7,26,3,9,0
2021,7,27,4,13,0
2021,7,28,5,13,0
2021,7,29,6,11,2
2021,7,30,8,8,0
2021,7,31,4,4,0
2021,8,1,3,5,0
2021,8,2,4,6,0
2021,8,3,4,11,0
2021,8,4,5,9,1
2021,8,5,1,13,3
2021,8,6,6,8,0
2021,8,7,2,5,0
2021,8,8,1,5,0
2021,8,9,4,7,2
2021,8,10,2,12,0
2021,8,11,4,10,1
2021,8,12,3,11,2
2021,8,13,5,7,0
2021,8,14,1,6,0
2021,8,15,4,2,0
2021,8,16,5,6,0
2021,8,17,7,7,1
2021,8,18,6,7,0
2021,8,19,4,12,1
2021,8,20,4,12,1
2021,8,21,2,8,1
2021,8,22,3,7,0
2021,8,23,9,6,0
2021,8,24,4,14,0
2021,8,25,3,16,0
2021,8,26,9,8,1
2021,8,27,7,11,0
2021,8,28,4,5,0
2021,8,29,2,6,1
2021,8,30,5,9,1
2021,8,31,5,15,0
2021,9,1,11,9,0
2021,9,2,5,12,0
2021,9,3,3,12,0
2021,9,4,5,4,0
2021,9,5,5,4,0
2021,9,6,3,9,0
2021,9,7,5,10,0
2021,9,8,4,11,1
2021,9,9,5,13,0
2021,9,10,9,10,0
2021,9,11,3,9,0
2021,9,12,1,10,0
2021,9,13,4,11,0
2021,9,14,7,12,0
2021,9,15,8,14,0
2021,9,16,7,9,1
2021,9,17,6,11,0
2021,9,18,7,5,0
2021,9,19,1,8,0
2021,9,20,7,8,0
2021,9,21,5,11,1
2021,9,22,6,12,1
2021,9,23,0,18,0
2021,9,24,3,14,1
2021,9,25,2,8,1
2021,9,26,3,9,0
2021,9,27,8,8,2
2021,9,28,6,12,1
2021,9,29,6,11,1
2021,9,30,5,14,0
