date,US3Y,US10Y
2013-04-29,0.32,1.7
2013-04-30,0.32,1.7
2013-05-01,0.3,1.66
2013-05-02,0.3,1.66
2013-05-03,0.34,1.78
2013-05-06,0.34,1.8
2013-05-07,0.35,1.82
2013-05-08,0.35,1.81
2013-05-09,0.35,1.81
2013-05-10,0.38,1.9
2013-05-13,0.4,1.92
2013-05-14,0.41,1.96
2013-05-15,0.4,1.94
2013-05-16,0.37,1.87
2013-05-17,0.4,1.95
2013-05-20,0.4,1.97
2013-05-21,0.39,1.94
2013-05-22,0.41,2.03
2013-05-23,0.42,2.02
2013-05-24,0.41,2.01
2013-05-28,0.49,2.15
2013-05-29,0.49,2.13
2013-05-30,0.49,2.13
2013-05-31,0.52,2.16
2013-06-03,0.5,2.13
2013-06-04,0.48,2.14
2013-06-05,0.48,2.1
2013-06-06,0.48,2.08
2013-06-07,0.52,2.17
2013-06-10,0.55,2.22
2013-06-11,0.57,2.2
2013-06-12,0.57,2.25
2013-06-13,0.55,2.19
2013-06-14,0.49,2.14
2013-06-17,0.49,2.19
2013-06-18,0.48,2.2
2013-06-19,0.58,2.33
2013-06-20,0.62,2.41
2013-06-21,0.7,2.52
2013-06-24,0.73,2.57
2013-06-25,0.74,2.6
2013-06-26,0.69,2.55
2013-06-27,0.66,2.49
2013-06-28,0.66,2.52
2013-07-01,0.65,2.5
2013-07-02,0.64,2.48
2013-07-03,0.67,2.52
2013-07-05,0.77,2.73
2013-07-08,0.71,2.65
2013-07-09,0.71,2.65
2013-07-10,0.73,2.7
2013-07-11,0.65,2.6
2013-07-12,0.66,2.61
2013-07-15,0.66,2.57
2013-07-16,0.64,2.55
2013-07-17,0.6,2.52
2013-07-18,0.61,2.56
2013-07-19,0.59,2.5
2013-07-22,0.59,2.5
2013-07-23,0.6,2.53
2013-07-24,0.64,2.61
2013-07-25,0.62,2.61
2013-07-26,0.59,2.58
2013-07-29,0.61,2.61
2013-07-30,0.62,2.63
2013-07-31,0.61,2.6
2013-08-01,0.65,2.74
2013-08-02,0.59,2.63
2013-08-05,0.61,2.67
2013-08-06,0.62,2.67
2013-08-07,0.61,2.61
2013-08-08,0.61,2.58
2013-08-09,0.61,2.57
2013-08-12,0.62,2.61
2013-08-13,0.68,2.71
2013-08-14,0.67,2.71
2013-08-15,0.7,2.77
2013-08-16,0.73,2.84
2013-08-19,0.76,2.88
2013-08-20,0.73,2.82
2013-08-21,0.76,2.87
2013-08-22,0.82,2.9
2013-08-23,0.8,2.82
2013-08-26,0.79,2.79
2013-08-27,0.77,2.72
2013-08-28,0.79,2.78
2013-08-29,0.79,2.75
2013-08-30,0.79,2.78
2013-09-03,0.83,2.86
2013-09-04,0.89,2.9
2013-09-05,0.97,2.98
2013-09-06,0.91,2.94
2013-09-09,0.87,2.9
2013-09-10,0.92,2.96
2013-09-11,0.88,2.93
2013-09-12,0.87,2.92
2013-09-13,0.87,2.9
2013-09-16,0.8,2.88
2013-09-17,0.78,2.86
2013-09-18,0.67,2.69
2013-09-19,0.69,2.76
2013-09-20,0.69,2.75
2013-09-23,0.68,2.72
2013-09-24,0.67,2.67
2013-09-25,0.66,2.63
2013-09-26,0.67,2.66
2013-09-27,0.64,2.64
2013-09-30,0.63,2.64
2013-10-01,0.66,2.66
2013-10-02,0.62,2.63
2013-10-03,0.61,2.62
2013-10-04,0.66,2.66
2013-10-07,0.66,2.65
2013-10-08,0.7,2.66
2013-10-09,0.68,2.68
2013-10-10,0.68,2.71
2013-10-11,0.66,2.7
2013-10-15,0.68,2.75
2013-10-16,0.64,2.69
2013-10-17,0.61,2.61
2013-10-18,0.62,2.6
2013-10-21,0.63,2.63
2013-10-22,0.59,2.54
2013-10-23,0.6,2.51
2013-10-24,0.59,2.53
2013-10-25,0.59,2.53
2013-10-28,0.59,2.54
2013-10-29,0.59,2.53
2013-10-30,0.58,2.55
2013-10-31,0.57,2.57
2013-11-01,0.61,2.65
2013-11-04,0.6,2.63
2013-11-05,0.6,2.69
2013-11-06,0.58,2.67
2013-11-07,0.55,2.63
2013-11-08,0.62,2.77
2013-11-12,0.65,2.8
2013-11-13,0.61,2.75
2013-11-14,0.56,2.69
2013-11-15,0.58,2.71
2013-11-18,0.56,2.67
2013-11-19,0.58,2.71
2013-11-20,0.57,2.8
2013-11-21,0.55,2.79
2013-11-22,0.57,2.75
2013-11-25,0.57,2.74
2013-11-26,0.55,2.71
2013-11-27,0.55,2.74
2013-11-29,0.56,2.75
2013-12-02,0.59,2.81
2013-12-03,0.58,2.79
2013-12-04,0.6,2.84
2013-12-05,0.61,2.88
2013-12-06,0.64,2.88
2013-12-09,0.64,2.86
2013-12-10,0.62,2.81
2013-12-11,0.63,2.86
2013-12-12,0.67,2.89
2013-12-13,0.68,2.88
2013-12-16,0.68,2.89
2013-12-17,0.65,2.85
2013-12-18,0.64,2.89
2013-12-19,0.7,2.94
2013-12-20,0.74,2.89
2013-12-23,0.77,2.94
2013-12-24,0.8,2.99
2013-12-26,0.81,3.0
2013-12-27,0.79,3.02
2013-12-30,0.77,2.99
2013-12-31,0.78,3.04
2014-01-02,0.76,3.0
2014-01-03,0.8,3.01
2014-01-06,0.78,2.98
2014-01-07,0.8,2.96
2014-01-08,0.87,3.01
2014-01-09,0.86,2.97
2014-01-10,0.77,2.88
2014-01-13,0.74,2.84
2014-01-14,0.78,2.88
2014-01-15,0.81,2.9
2014-01-16,0.8,2.86
2014-01-17,0.79,2.84
2014-01-21,0.81,2.85
2014-01-22,0.85,2.87
2014-01-23,0.77,2.79
2014-01-24,0.75,2.75
2014-01-27,0.76,2.78
2014-01-28,0.75,2.77
2014-01-29,0.71,2.69
2014-01-30,0.72,2.72
2014-01-31,0.69,2.67
2014-02-03,0.64,2.61
2014-02-04,0.65,2.64
2014-02-05,0.66,2.7
2014-02-06,0.69,2.73
2014-02-07,0.66,2.71
2014-02-10,0.66,2.7
2014-02-11,0.71,2.75
2014-02-12,0.74,2.8
2014-02-13,0.7,2.73
2014-02-14,0.71,2.75
2014-02-18,0.67,2.71
2014-02-19,0.69,2.73
2014-02-20,0.72,2.76
2014-02-21,0.71,2.73
2014-02-24,0.72,2.75
2014-02-25,0.7,2.7
2014-02-26,0.68,2.67
2014-02-27,0.68,2.65
2014-02-28,0.69,2.66
2014-03-03,0.66,2.6
2014-03-04,0.71,2.7
2014-03-05,0.71,2.7
2014-03-06,0.73,2.74
2014-03-07,0.79,2.8
2014-03-10,0.79,2.79
2014-03-11,0.79,2.77
2014-03-12,0.78,2.73
2014-03-13,0.74,2.66
2014-03-14,0.74,2.65
2014-03-17,0.77,2.7
2014-03-18,0.75,2.68
2014-03-19,0.91,2.78
2014-03-20,0.9,2.79
2014-03-21,0.91,2.75
2014-03-24,0.93,2.74
2014-03-25,0.92,2.75
2014-03-26,0.89,2.71
2014-03-27,0.9,2.69
2014-03-28,0.93,2.73
2014-03-31,0.9,2.73
2014-04-01,0.91,2.77
2014-04-02,0.94,2.82
2014-04-03,0.95,2.8
2014-04-04,0.89,2.74
2014-04-07,0.87,2.71
2014-04-08,0.88,2.69
2014-04-09,0.85,2.71
2014-04-10,0.81,2.65
2014-04-11,0.8,2.63
2014-04-14,0.82,2.65
2014-04-15,0.84,2.64
2014-04-16,0.87,2.65
2014-04-17,0.91,2.73
2014-04-21,0.91,2.73
2014-04-22,0.93,2.73
2014-04-23,0.91,2.7
2014-04-24,0.91,2.7
2014-04-25,0.9,2.68
2014-04-28,0.9,2.7
2014-04-29,0.91,2.71
2014-04-30,0.87,2.67
2014-05-01,0.86,2.63
2014-05-02,0.89,2.6
2014-05-05,0.9,2.63
2014-05-06,0.92,2.61
2014-05-07,0.89,2.62
2014-05-08,0.86,2.61
2014-05-09,0.86,2.62
2014-05-12,0.87,2.66
2014-05-13,0.84,2.61
2014-05-14,0.81,2.54
2014-05-15,0.8,2.5
2014-05-16,0.8,2.52
2014-05-19,0.79,2.54
2014-05-20,0.77,2.52
2014-05-21,0.79,2.54
2014-05-22,0.8,2.56
2014-05-23,0.79,2.54
2014-05-27,0.79,2.52
2014-05-28,0.76,2.44
2014-05-29,0.77,2.45
2014-05-30,0.79,2.48
2014-06-02,0.83,2.54
2014-06-03,0.85,2.6
2014-06-04,0.85,2.61
2014-06-05,0.82,2.59
2014-06-06,0.86,2.6
2014-06-09,0.88,2.62
2014-06-10,0.93,2.64
2014-06-11,0.91,2.65
2014-06-12,0.88,2.58
2014-06-13,0.93,2.6
2014-06-16,0.95,2.61
2014-06-17,0.99,2.66
2014-06-18,0.95,2.61
2014-06-19,0.94,2.64
2014-06-20,0.94,2.63
2014-06-23,0.96,2.63
2014-06-24,0.95,2.59
2014-06-25,0.92,2.57
2014-06-26,0.9,2.53
2014-06-27,0.88,2.54
2014-06-30,0.88,2.53
2014-07-01,0.9,2.58
2014-07-02,0.95,2.64
2014-07-03,0.98,2.65
2014-07-07,1.0,2.63
2014-07-08,0.99,2.58
2014-07-09,0.97,2.57
2014-07-10,0.93,2.55
2014-07-11,0.92,2.53
2014-07-14,0.95,2.55
2014-07-15,0.97,2.56
2014-07-16,0.98,2.55
2014-07-17,0.94,2.47
2014-07-18,0.97,2.5
2014-07-21,0.99,2.49
2014-07-22,0.97,2.48
2014-07-23,0.96,2.48
2014-07-24,1.0,2.52
2014-07-25,0.98,2.48
2014-07-28,1.01,2.5
2014-07-29,1.0,2.47
2014-07-30,1.04,2.57
2014-07-31,1.02,2.58
2014-08-01,0.94,2.52
2014-08-04,0.93,2.51
2014-08-05,0.93,2.49
2014-08-06,0.93,2.49
2014-08-07,0.89,2.43
2014-08-08,0.91,2.44
2014-08-11,0.93,2.44
2014-08-12,0.92,2.46
2014-08-13,0.88,2.43
2014-08-14,0.87,2.4
2014-08-15,0.86,2.34
2014-08-18,0.89,2.39
2014-08-19,0.9,2.4
2014-08-20,0.94,2.43
2014-08-21,0.95,2.41
2014-08-22,0.98,2.4
2014-08-25,0.99,2.39
2014-08-26,0.98,2.39
2014-08-27,0.97,2.37
2014-08-28,0.95,2.34
2014-08-29,0.94,2.35
2014-09-02,0.99,2.42
2014-09-03,0.99,2.41
2014-09-04,1.01,2.45
2014-09-05,0.99,2.46
2014-09-08,1.02,2.48
2014-09-09,1.06,2.5
2014-09-10,1.07,2.54
2014-09-11,1.07,2.54
2014-09-12,1.07,2.62
2014-09-15,1.06,2.6
2014-09-16,1.04,2.6
2014-09-17,1.08,2.62
2014-09-18,1.1,2.63
2014-09-19,1.09,2.59
2014-09-22,1.06,2.57
2014-09-23,1.05,2.54
2014-09-24,1.08,2.57
2014-09-25,1.03,2.52
2014-09-26,1.08,2.54
2014-09-29,1.06,2.5
2014-09-30,1.07,2.52
2014-10-01,1.0,2.42
2014-10-02,1.01,2.44
2014-10-03,1.05,2.45
2014-10-06,1.02,2.43
2014-10-07,0.98,2.36
2014-10-08,0.9,2.35
2014-10-09,0.91,2.34
2014-10-10,0.89,2.31
2014-10-14,0.8,2.21
2014-10-15,0.73,2.15
2014-10-16,0.75,2.17
2014-10-17,0.79,2.22
2014-10-20,0.76,2.2
2014-10-21,0.77,2.23
2014-10-22,0.8,2.25
2014-10-23,0.83,2.29
2014-10-24,0.82,2.29
2014-10-27,0.81,2.27
2014-10-28,0.84,2.3
2014-10-29,0.93,2.34
2014-10-30,0.91,2.32
2014-10-31,0.95,2.35
2014-11-03,0.96,2.36
2014-11-04,0.97,2.35
2014-11-05,0.97,2.36
2014-11-06,1.01,2.39
2014-11-07,0.95,2.32
2014-11-10,1.0,2.38
2014-11-12,1.0,2.37
2014-11-13,0.97,2.35
2014-11-14,0.96,2.32
2014-11-17,0.96,2.34
2014-11-18,0.96,2.32
2014-11-19,0.99,2.36
2014-11-20,0.97,2.34
2014-11-21,0.96,2.31
2014-11-24,0.95,2.3
2014-11-25,0.94,2.27
2014-11-26,0.93,2.24
2014-11-28,0.88,2.18
2014-12-01,0.9,2.22
2014-12-02,0.96,2.28
2014-12-03,0.98,2.29
2014-12-04,0.97,2.25
2014-12-05,1.09,2.31
2014-12-08,1.1,2.26
2014-12-09,1.07,2.22
2014-12-10,1.01,2.18
2014-12-11,1.05,2.19
2014-12-12,0.98,2.1
2014-12-15,1.03,2.12
2014-12-16,0.99,2.07
2014-12-17,1.06,2.14
2014-12-18,1.1,2.22
2014-12-19,1.1,2.17
2014-12-22,1.13,2.17
2014-12-23,1.17,2.26
2014-12-24,1.18,2.27
2014-12-26,1.19,2.25
2014-12-29,1.14,2.22
2014-12-30,1.11,2.2
2014-12-31,1.1,2.17
2015-01-02,1.07,2.12
2015-01-05,1.06,2.04
2015-01-06,1.02,1.97
2015-01-07,1.0,1.96
2015-01-08,1.0,2.03
2015-01-09,0.96,1.98
2015-01-12,0.91,1.92
2015-01-13,0.88,1.91
2015-01-14,0.83,1.86
2015-01-15,0.75,1.77
2015-01-16,0.8,1.83
2015-01-20,0.85,1.82
2015-01-21,0.87,1.87
2015-01-22,0.9,1.9
2015-01-23,0.86,1.81
2015-01-26,0.89,1.83
2015-01-27,0.87,1.83
2015-01-28,0.81,1.73
2015-01-29,0.84,1.77
2015-01-30,0.77,1.68
2015-02-02,0.78,1.68
2015-02-03,0.85,1.79
2015-02-04,0.86,1.81
2015-02-05,0.87,1.83
2015-02-06,1.03,1.95
2015-02-09,1.04,1.96
2015-02-10,1.05,2.01
2015-02-11,1.06,2.0
2015-02-12,1.02,1.99
2015-02-13,1.03,2.02
2015-02-17,1.1,2.14
2015-02-18,1.0,2.07
2015-02-19,1.05,2.11
2015-02-20,1.07,2.13
2015-02-23,1.03,2.06
2015-02-24,0.97,1.99
2015-02-25,0.98,1.96
2015-02-26,1.04,2.03
2015-02-27,1.01,2.0
2015-03-02,1.06,2.08
2015-03-03,1.09,2.12
2015-03-04,1.07,2.12
2015-03-05,1.05,2.11
2015-03-06,1.16,2.24
2015-03-09,1.13,2.2
2015-03-10,1.1,2.14
2015-03-11,1.09,2.11
2015-03-12,1.06,2.1
2015-03-13,1.07,2.13
2015-03-16,1.06,2.1
2015-03-17,1.07,2.06
2015-03-18,0.92,1.93
2015-03-19,0.99,1.98
2015-03-20,0.95,1.93
2015-03-23,0.93,1.92
2015-03-24,0.91,1.88
2015-03-25,0.94,1.93
2015-03-26,0.98,2.01
2015-03-27,0.92,1.95
2015-03-30,0.93,1.96
2015-03-31,0.89,1.94
2015-04-01,0.86,1.87
2015-04-02,0.87,1.92
2015-04-03,0.8,1.85
2015-04-06,0.83,1.92
2015-04-07,0.85,1.89
2015-04-08,0.86,1.92
2015-04-09,0.89,1.97
2015-04-10,0.91,1.96
2015-04-13,0.89,1.94
2015-04-14,0.85,1.9
2015-04-15,0.85,1.91
2015-04-16,0.81,1.9
2015-04-17,0.84,1.87
2015-04-20,0.86,1.9
2015-04-21,0.86,1.92
2015-04-22,0.91,1.99
2015-04-23,0.87,1.96
2015-04-24,0.84,1.93
2015-04-27,0.87,1.94
2015-04-28,0.9,2.0
2015-04-29,0.91,2.06
2015-04-30,0.91,2.05
2015-05-01,0.97,2.12
2015-05-04,0.96,2.16
2015-05-05,1.0,2.19
2015-05-06,1.03,2.25
2015-05-07,1.02,2.18
2015-05-08,0.96,2.16
2015-05-11,1.02,2.28
2015-05-12,1.0,2.28
2015-05-13,0.97,2.27
2015-05-14,0.91,2.23
2015-05-15,0.9,2.14
2015-05-18,0.95,2.23
2015-05-19,1.01,2.27
2015-05-20,0.98,2.26
2015-05-21,0.95,2.19
2015-05-22,1.01,2.21
2015-05-26,0.99,2.14
2015-05-27,1.0,2.14
2015-05-28,0.97,2.13
2015-05-29,0.94,2.12
2015-06-01,0.99,2.19
2015-06-02,1.02,2.27
2015-06-03,1.07,2.38
2015-06-04,1.04,2.31
2015-06-05,1.13,2.41
2015-06-08,1.09,2.39
2015-06-09,1.12,2.42
2015-06-10,1.15,2.5
2015-06-11,1.12,2.39
2015-06-12,1.12,2.39
2015-06-15,1.1,2.36
2015-06-16,1.08,2.32
2015-06-17,1.03,2.32
2015-06-18,1.03,2.35
2015-06-19,0.99,2.26
2015-06-22,1.06,2.37
2015-06-23,1.07,2.42
2015-06-24,1.06,2.38
2015-06-25,1.06,2.4
2015-06-26,1.09,2.49
2015-06-29,1.0,2.33
2015-06-30,1.01,2.35
2015-07-01,1.08,2.43
2015-07-02,1.01,2.4
2015-07-06,0.95,2.3
2015-07-07,0.96,2.27
2015-07-08,0.91,2.22
2015-07-09,0.95,2.32
2015-07-10,1.04,2.42
2015-07-13,1.06,2.44
2015-07-14,1.03,2.41
2015-07-15,1.0,2.36
2015-07-16,1.05,2.36
2015-07-17,1.05,2.34
2015-07-20,1.09,2.38
2015-07-21,1.07,2.35
2015-07-22,1.08,2.33
2015-07-23,1.06,2.28
2015-07-24,1.04,2.27
2015-07-27,1.0,2.23
2015-07-28,1.03,2.26
2015-07-29,1.05,2.29
2015-07-30,1.07,2.28
2015-07-31,1.0,2.2
2015-08-03,0.99,2.16
2015-08-04,1.08,2.23
2015-08-05,1.1,2.28
2015-08-06,1.08,2.23
2015-08-07,1.08,2.18
2015-08-10,1.09,2.24
2015-08-11,1.03,2.15
2015-08-12,1.01,2.14
2015-08-13,1.06,2.19
2015-08-14,1.08,2.2
2015-08-17,1.07,2.16
2015-08-18,1.07,2.2
2015-08-19,0.98,2.12
2015-08-20,1.0,2.09
2015-08-21,0.95,2.05
2015-08-24,0.9,2.01
2015-08-25,0.98,2.12
2015-08-26,0.98,2.18
2015-08-27,0.99,2.18
2015-08-28,1.04,2.19
2015-08-31,1.07,2.21
2015-09-01,1.03,2.17
2015-09-02,1.04,2.2
2015-09-03,1.0,2.18
2015-09-04,1.0,2.13
2015-09-08,1.05,2.2
2015-09-09,1.06,2.21
2015-09-10,1.06,2.23
2015-09-11,1.03,2.2
2015-09-14,1.03,2.18
2015-09-15,1.12,2.28
2015-09-16,1.13,2.3
2015-09-17,1.0,2.21
2015-09-18,0.97,2.13
2015-09-21,1.01,2.2
2015-09-22,0.97,2.14
2015-09-23,1.0,2.16
2015-09-24,0.97,2.13
2015-09-25,1.0,2.17
2015-09-28,0.97,2.1
2015-09-29,0.92,2.05
2015-09-30,0.92,2.06
2015-10-01,0.92,2.05
2015-10-02,0.85,1.99
2015-10-05,0.89,2.07
2015-10-06,0.9,2.05
2015-10-07,0.92,2.08
2015-10-08,0.93,2.12
2015-10-09,0.96,2.12
2015-10-13,0.92,2.06
2015-10-14,0.84,1.99
2015-10-15,0.9,2.04
2015-10-16,0.91,2.04
2015-10-19,0.89,2.04
2015-10-20,0.93,2.08
2015-10-21,0.91,2.04
2015-10-22,0.89,2.04
2015-10-23,0.94,2.09
2015-10-26,0.94,2.07
2015-10-27,0.92,2.05
2015-10-28,1.0,2.1
2015-10-29,1.05,2.19
2015-10-30,1.05,2.16
2015-11-02,1.08,2.2
2015-11-03,1.1,2.23
2015-11-04,1.16,2.25
2015-11-05,1.16,2.26
2015-11-06,1.23,2.34
2015-11-09,1.27,2.36
2015-11-10,1.22,2.32
2015-11-12,1.24,2.32
2015-11-13,1.2,2.28
2015-11-16,1.18,2.27
2015-11-17,1.18,2.25
2015-11-18,1.21,2.27
2015-11-19,1.21,2.24
2015-11-20,1.23,2.26
2015-11-23,1.26,2.25
2015-11-24,1.23,2.24
2015-11-25,1.25,2.23
2015-11-27,1.23,2.22
2015-11-30,1.24,2.21
2015-12-01,1.19,2.15
2015-12-02,1.23,2.18
2015-12-03,1.27,2.33
2015-12-04,1.25,2.28
2015-12-07,1.24,2.23
2015-12-08,1.25,2.24
2015-12-09,1.22,2.22
2015-12-10,1.25,2.24
2015-12-11,1.16,2.13
2015-12-14,1.25,2.23
2015-12-15,1.29,2.28
2015-12-16,1.35,2.3
2015-12-17,1.33,2.24
2015-12-18,1.27,2.19
2015-12-21,1.28,2.2
2015-12-22,1.31,2.24
2015-12-23,1.32,2.27
2015-12-24,1.33,2.25
2015-12-28,1.33,2.24
2015-12-29,1.38,2.32
2015-12-30,1.36,2.31
2015-12-31,1.31,2.27
2016-01-04,1.31,2.24
2016-01-05,1.32,2.25
2016-01-06,1.26,2.18
2016-01-07,1.22,2.16
2016-01-08,1.2,2.13
2016-01-11,1.2,2.17
2016-01-12,1.18,2.12
2016-01-13,1.15,2.08
2016-01-14,1.14,2.1
2016-01-15,1.08,2.03
2016-01-19,1.11,2.06
2016-01-20,1.06,2.01
2016-01-21,1.06,2.02
2016-01-22,1.11,2.07
2016-01-25,1.1,2.03
2016-01-26,1.07,2.01
2016-01-27,1.07,2.02
2016-01-28,1.05,2.0
2016-01-29,0.97,1.94
2016-02-01,1.01,1.97
2016-02-02,0.93,1.87
2016-02-03,0.91,1.88
2016-02-04,0.9,1.87
2016-02-05,0.91,1.86
2016-02-08,0.83,1.75
2016-02-09,0.85,1.74
2016-02-10,0.85,1.71
2016-02-11,0.81,1.63
2016-02-12,0.89,1.74
2016-02-16,0.91,1.78
2016-02-17,0.93,1.81
2016-02-18,0.88,1.75
2016-02-19,0.91,1.76
2016-02-22,0.92,1.77
2016-02-23,0.9,1.74
2016-02-24,0.9,1.75
2016-02-25,0.85,1.71
2016-02-26,0.93,1.76
2016-02-29,0.91,1.74
2016-03-01,0.98,1.83
2016-03-02,1.0,1.84
2016-03-03,0.99,1.83
2016-03-04,1.04,1.88
2016-03-07,1.08,1.91
2016-03-08,1.04,1.83
2016-03-09,1.07,1.9
2016-03-10,1.11,1.93
2016-03-11,1.16,1.98
2016-03-14,1.15,1.97
2016-03-15,1.16,1.97
2016-03-16,1.05,1.94
2016-03-17,1.04,1.91
2016-03-18,1.0,1.88
2016-03-21,1.05,1.92
2016-03-22,1.08,1.94
2016-03-23,1.03,1.88
2016-03-24,1.05,1.91
2016-03-28,1.04,1.89
2016-03-29,0.94,1.81
2016-03-30,0.91,1.83
2016-03-31,0.87,1.78
2016-04-01,0.9,1.79
2016-04-04,0.88,1.78
2016-04-05,0.85,1.73
2016-04-06,0.88,1.76
2016-04-07,0.83,1.7
2016-04-08,0.84,1.72
2016-04-11,0.85,1.73
2016-04-12,0.9,1.79
2016-04-13,0.9,1.77
2016-04-14,0.92,1.8
2016-04-15,0.87,1.76
2016-04-18,0.9,1.78
2016-04-19,0.92,1.79
2016-04-20,0.97,1.85
2016-04-21,0.98,1.88
2016-04-22,1.01,1.89
2016-04-25,1.01,1.91
2016-04-26,1.04,1.94
2016-04-27,0.99,1.87
2016-04-28,0.93,1.84
2016-04-29,0.92,1.83
2016-05-02,0.96,1.88
2016-05-03,0.92,1.81
2016-05-04,0.89,1.79
2016-05-05,0.87,1.76
2016-05-06,0.9,1.79
2016-05-09,0.86,1.77
2016-05-10,0.88,1.77
2016-05-11,0.87,1.73
2016-05-12,0.92,1.75
2016-05-13,0.91,1.71
2016-05-16,0.94,1.75
2016-05-17,0.97,1.76
2016-05-18,1.08,1.87
2016-05-19,1.06,1.85
2016-05-20,1.05,1.85
2016-05-23,1.05,1.84
2016-05-24,1.08,1.86
2016-05-25,1.08,1.87
2016-05-26,1.03,1.83
2016-05-27,1.06,1.85
2016-05-31,1.03,1.84
2016-06-01,1.07,1.85
2016-06-02,1.03,1.81
2016-06-03,0.92,1.71
2016-06-06,0.94,1.73
2016-06-07,0.94,1.72
2016-06-08,0.93,1.71
2016-06-09,0.91,1.68
2016-06-10,0.87,1.64
2016-06-13,0.84,1.62
2016-06-14,0.85,1.62
2016-06-15,0.81,1.6
2016-06-16,0.81,1.57
2016-06-17,0.83,1.62
2016-06-20,0.87,1.67
2016-06-21,0.89,1.71
2016-06-22,0.88,1.69
2016-06-23,0.92,1.74
2016-06-24,0.76,1.57
2016-06-27,0.7,1.46
2016-06-28,0.71,1.46
2016-06-29,0.74,1.5
2016-06-30,0.71,1.49
2016-07-01,0.71,1.46
2016-07-05,0.66,1.37
2016-07-06,0.69,1.38
2016-07-07,0.69,1.4
2016-07-08,0.71,1.37
2016-07-11,0.77,1.43
2016-07-12,0.81,1.53
2016-07-13,0.8,1.48
2016-07-14,0.82,1.53
2016-07-15,0.87,1.6
2016-07-18,0.85,1.59
2016-07-19,0.84,1.56
2016-07-20,0.86,1.59
2016-07-21,0.82,1.57
2016-07-22,0.84,1.57
2016-07-25,0.87,1.58
2016-07-26,0.87,1.57
2016-07-27,0.83,1.52
2016-07-28,0.82,1.52
2016-07-29,0.76,1.46
2016-08-01,0.78,1.51
2016-08-02,0.79,1.55
2016-08-03,0.78,1.55
2016-08-04,0.76,1.51
2016-08-05,0.86,1.59
2016-08-08,0.86,1.59
2016-08-09,0.84,1.55
2016-08-10,0.8,1.5
2016-08-11,0.88,1.57
2016-08-12,0.82,1.51
2016-08-15,0.85,1.55
2016-08-16,0.87,1.57
2016-08-17,0.86,1.56
2016-08-18,0.81,1.53
2016-08-19,0.88,1.58
2016-08-22,0.86,1.55
2016-08-23,0.86,1.55
2016-08-24,0.87,1.56
2016-08-25,0.89,1.58
2016-08-26,0.96,1.62
2016-08-29,0.92,1.57
2016-08-30,0.92,1.57
2016-08-31,0.92,1.58
2016-09-01,0.91,1.57
2016-09-02,0.92,1.6
2016-09-06,0.86,1.55
2016-09-07,0.86,1.54
2016-09-08,0.91,1.61
2016-09-09,0.93,1.67
2016-09-12,0.92,1.68
2016-09-13,0.95,1.73
2016-09-14,0.9,1.7
2016-09-15,0.87,1.71
2016-09-16,0.91,1.7
2016-09-19,0.92,1.7
2016-09-20,0.93,1.69
2016-09-21,0.92,1.66
2016-09-22,0.91,1.63
2016-09-23,0.9,1.62
2016-09-26,0.87,1.59
2016-09-27,0.86,1.56
2016-09-28,0.87,1.57
2016-09-29,0.85,1.56
2016-09-30,0.88,1.6
2016-10-03,0.91,1.63
2016-10-04,0.95,1.69
2016-10-05,0.98,1.72
2016-10-06,1.0,1.75
2016-10-07,0.99,1.73
2016-10-11,1.03,1.77
2016-10-12,0.99,1.79
2016-10-13,1.0,1.75
2016-10-14,1.0,1.8
2016-10-17,0.98,1.77
2016-10-18,0.96,1.75
2016-10-19,0.96,1.76
2016-10-20,0.98,1.76
2016-10-21,0.98,1.74
2016-10-24,1.0,1.77
2016-10-25,1.0,1.77
2016-10-26,1.01,1.79
2016-10-27,1.04,1.85
2016-10-28,1.02,1.86
2016-10-31,1.0,1.84
2016-11-01,0.99,1.83
2016-11-02,0.98,1.81
2016-11-03,0.98,1.82
2016-11-04,0.95,1.79
2016-11-07,0.99,1.83
2016-11-08,1.04,1.88
2016-11-09,1.12,2.07
2016-11-10,1.17,2.15
2016-11-14,1.27,2.23
2016-11-15,1.28,2.23
2016-11-16,1.28,2.22
2016-11-17,1.31,2.29
2016-11-18,1.36,2.34
2016-11-21,1.36,2.33
2016-11-22,1.35,2.31
2016-11-23,1.4,2.36
2016-11-25,1.41,2.36
2016-11-28,1.38,2.32
2016-11-29,1.37,2.3
2016-11-30,1.4,2.37
2016-12-01,1.45,2.45
2016-12-02,1.4,2.4
2016-12-05,1.42,2.39
2016-12-06,1.41,2.39
2016-12-07,1.39,2.34
2016-12-08,1.4,2.4
2016-12-09,1.43,2.47
2016-12-12,1.44,2.49
2016-12-13,1.46,2.48
2016-12-14,1.57,2.54
2016-12-15,1.61,2.6
2016-12-16,1.59,2.6
2016-12-19,1.55,2.54
2016-12-20,1.56,2.57
2016-12-21,1.54,2.55
2016-12-22,1.54,2.55
2016-12-23,1.54,2.55
2016-12-27,1.58,2.57
2016-12-28,1.55,2.51
2016-12-29,1.49,2.49
2016-12-30,1.47,2.45
2017-01-03,1.5,2.45
2017-01-04,1.5,2.46
2017-01-05,1.43,2.37
2017-01-06,1.5,2.42
2017-01-09,1.47,2.38
2017-01-10,1.47,2.38
2017-01-11,1.47,2.38
2017-01-12,1.45,2.36
2017-01-13,1.48,2.4
2017-01-17,1.42,2.33
2017-01-18,1.51,2.42
2017-01-19,1.53,2.47
2017-01-20,1.5,2.48
2017-01-23,1.43,2.41
2017-01-24,1.49,2.47
2017-01-25,1.52,2.53
2017-01-26,1.49,2.51
2017-01-27,1.48,2.49
2017-01-30,1.48,2.49
2017-01-31,1.46,2.45
2017-02-01,1.49,2.48
2017-02-02,1.48,2.48
2017-02-03,1.49,2.49
2017-02-06,1.43,2.42
2017-02-07,1.43,2.4
2017-02-08,1.4,2.34
2017-02-09,1.46,2.4
2017-02-10,1.47,2.41
2017-02-13,1.48,2.43
2017-02-14,1.53,2.47
2017-02-15,1.57,2.51
2017-02-16,1.5,2.45
2017-02-17,1.48,2.42
2017-02-21,1.5,2.43
2017-02-22,1.49,2.42
2017-02-23,1.44,2.38
2017-02-24,1.38,2.31
2017-02-27,1.46,2.36
2017-02-28,1.49,2.36
2017-03-01,1.57,2.46
2017-03-02,1.6,2.49
2017-03-03,1.59,2.49
2017-03-06,1.6,2.49
2017-03-07,1.62,2.52
2017-03-08,1.65,2.57
2017-03-09,1.67,2.6
2017-03-10,1.66,2.58
2017-03-13,1.69,2.62
2017-03-14,1.68,2.6
2017-03-15,1.59,2.51
2017-03-16,1.63,2.53
2017-03-17,1.6,2.5
2017-03-20,1.57,2.47
2017-03-21,1.54,2.43
2017-03-22,1.52,2.4
2017-03-23,1.52,2.41
2017-03-24,1.52,2.4
2017-03-27,1.51,2.38
2017-03-28,1.56,2.42
2017-03-29,1.53,2.39
2017-03-30,1.55,2.42
2017-03-31,1.5,2.4
2017-04-03,1.47,2.35
2017-04-04,1.47,2.36
2017-04-05,1.44,2.34
2017-04-06,1.45,2.34
2017-04-07,1.52,2.38
2017-04-10,1.52,2.37
2017-04-11,1.45,2.32
2017-04-12,1.44,2.28
2017-04-13,1.4,2.24
2017-04-17,1.42,2.26
2017-04-18,1.35,2.18
2017-04-19,1.38,2.21
2017-04-20,1.41,2.24
2017-04-21,1.4,2.24
2017-04-24,1.44,2.28
2017-04-25,1.49,2.35
2017-04-26,1.46,2.32
2017-04-27,1.44,2.3
2017-04-28,1.45,2.29
2017-05-01,1.48,2.33
2017-05-02,1.45,2.29
2017-05-03,1.5,2.33
2017-05-04,1.51,2.36
2017-05-05,1.52,2.36
2017-05-08,1.53,2.39
2017-05-09,1.57,2.42
2017-05-10,1.56,2.41
2017-05-11,1.55,2.39
2017-05-12,1.49,2.33
2017-05-15,1.49,2.34
2017-05-16,1.48,2.33
2017-05-17,1.42,2.22
2017-05-18,1.44,2.23
2017-05-19,1.45,2.23
2017-05-22,1.45,2.25
2017-05-23,1.49,2.29
2017-05-24,1.46,2.26
2017-05-25,1.46,2.25
2017-05-26,1.46,2.25
2017-05-30,1.44,2.21
2017-05-31,1.44,2.21
2017-06-01,1.45,2.21
2017-06-02,1.42,2.15
2017-06-05,1.45,2.18
2017-06-06,1.42,2.14
2017-06-07,1.45,2.18
2017-06-08,1.47,2.19
2017-06-09,1.5,2.21
2017-06-12,1.5,2.21
2017-06-13,1.51,2.21
2017-06-14,1.48,2.15
2017-06-15,1.49,2.16
2017-06-16,1.48,2.16
2017-06-19,1.52,2.19
2017-06-20,1.5,2.16
2017-06-21,1.5,2.16
2017-06-22,1.48,2.15
2017-06-23,1.48,2.15
2017-06-26,1.48,2.14
2017-06-27,1.53,2.21
2017-06-28,1.51,2.22
2017-06-29,1.53,2.27
2017-06-30,1.55,2.31
2017-07-03,1.6,2.35
2017-07-05,1.59,2.33
2017-07-06,1.6,2.37
2017-07-07,1.6,2.39
2017-07-10,1.59,2.38
2017-07-11,1.57,2.37
2017-07-12,1.53,2.33
2017-07-13,1.55,2.35
2017-07-14,1.54,2.33
2017-07-17,1.53,2.31
2017-07-18,1.52,2.27
2017-07-19,1.52,2.27
2017-07-20,1.51,2.27
2017-07-21,1.5,2.24
2017-07-24,1.53,2.26
2017-07-25,1.56,2.33
2017-07-26,1.5,2.29
2017-07-27,1.52,2.32
2017-07-28,1.51,2.3
2017-07-31,1.51,2.3
2017-08-01,1.5,2.26
2017-08-02,1.52,2.27
2017-08-03,1.49,2.24
2017-08-04,1.51,2.27
2017-08-07,1.52,2.26
2017-08-08,1.53,2.29
2017-08-09,1.5,2.24
2017-08-10,1.49,2.2
2017-08-11,1.43,2.19
2017-08-14,1.48,2.22
2017-08-15,1.51,2.27
2017-08-16,1.49,2.23
2017-08-17,1.46,2.19
2017-08-18,1.47,2.19
2017-08-21,1.46,2.18
2017-08-22,1.48,2.22
2017-08-23,1.45,2.17
2017-08-24,1.47,2.19
2017-08-25,1.47,2.17
2017-08-28,1.46,2.16
2017-08-29,1.43,2.13
2017-08-30,1.44,2.15
2017-08-31,1.44,2.12
2017-09-01,1.46,2.16
2017-09-05,1.4,2.07
2017-09-06,1.42,2.1
2017-09-07,1.38,2.05
2017-09-08,1.39,2.06
2017-09-11,1.44,2.14
2017-09-12,1.46,2.17
2017-09-13,1.48,2.2
2017-09-14,1.5,2.2
2017-09-15,1.53,2.2
2017-09-18,1.54,2.23
2017-09-19,1.55,2.24
2017-09-20,1.6,2.28
2017-09-21,1.59,2.27
2017-09-22,1.58,2.26
2017-09-25,1.56,2.22
2017-09-26,1.57,2.24
2017-09-27,1.6,2.31
2017-09-28,1.59,2.31
2017-09-29,1.62,2.33
2017-10-02,1.63,2.34
2017-10-03,1.62,2.33
2017-10-04,1.62,2.33
2017-10-05,1.63,2.35
2017-10-06,1.66,2.37
2017-10-10,1.64,2.35
2017-10-11,1.66,2.35
2017-10-12,1.66,2.33
2017-10-13,1.64,2.28
2017-10-16,1.68,2.3
2017-10-17,1.69,2.3
2017-10-18,1.7,2.34
2017-10-19,1.69,2.33
2017-10-20,1.72,2.39
2017-10-23,1.7,2.38
2017-10-24,1.73,2.42
2017-10-25,1.74,2.44
2017-10-26,1.76,2.46
2017-10-27,1.73,2.42
2017-10-30,1.71,2.37
2017-10-31,1.73,2.38
2017-11-01,1.74,2.37
2017-11-02,1.73,2.35
2017-11-03,1.74,2.34
2017-11-06,1.73,2.32
2017-11-07,1.75,2.32
2017-11-08,1.77,2.32
2017-11-09,1.75,2.33
2017-11-10,1.79,2.4
2017-11-13,1.82,2.4
2017-11-14,1.81,2.38
2017-11-15,1.79,2.33
2017-11-16,1.83,2.37
2017-11-17,1.83,2.35
2017-11-20,1.86,2.37
2017-11-21,1.88,2.36
2017-11-22,1.84,2.32
2017-11-24,1.85,2.34
2017-11-27,1.84,2.32
2017-11-28,1.85,2.34
2017-11-29,1.86,2.37
2017-11-30,1.9,2.42
2017-12-01,1.9,2.37
2017-12-04,1.93,2.37
2017-12-05,1.94,2.36
2017-12-06,1.92,2.33
2017-12-07,1.92,2.37
2017-12-08,1.92,2.38
2017-12-11,1.95,2.39
2017-12-12,1.95,2.4
2017-12-13,1.9,2.36
2017-12-14,1.92,2.35
2017-12-15,1.95,2.35
2017-12-18,1.94,2.39
2017-12-19,1.97,2.46
2017-12-20,1.98,2.49
2017-12-21,2.01,2.48
2017-12-22,2.01,2.48
2017-12-26,2.02,2.47
2017-12-27,1.99,2.42
2017-12-28,2.0,2.43
2017-12-29,1.98,2.4
2018-01-02,2.01,2.46
2018-01-03,2.02,2.44
2018-01-04,2.05,2.46
2018-01-05,2.06,2.47
2018-01-08,2.07,2.49
2018-01-09,2.09,2.55
2018-01-10,2.08,2.55
2018-01-11,2.09,2.54
2018-01-12,2.12,2.55
2018-01-16,2.12,2.54
2018-01-17,2.15,2.57
2018-01-18,2.17,2.62
2018-01-19,2.2,2.64
2018-01-22,2.21,2.66
2018-01-23,2.18,2.63
2018-01-24,2.2,2.65
2018-01-25,2.2,2.63
2018-01-26,2.24,2.66
2018-01-29,2.26,2.7
2018-01-30,2.27,2.73
2018-01-31,2.29,2.72
2018-02-01,2.33,2.78
2018-02-02,2.33,2.84
2018-02-05,2.25,2.77
2018-02-06,2.3,2.79
2018-02-07,2.33,2.84
2018-02-08,2.32,2.85
2018-02-09,2.26,2.83
2018-02-12,2.3,2.86
2018-02-13,2.3,2.83
2018-02-14,2.4,2.91
2018-02-15,2.4,2.9
2018-02-16,2.38,2.87
2018-02-20,2.4,2.88
2018-02-21,2.44,2.94
2018-02-22,2.42,2.92
2018-02-23,2.39,2.88
2018-02-26,2.37,2.86
2018-02-27,2.43,2.9
2018-02-28,2.42,2.87
2018-03-01,2.36,2.81
2018-03-02,2.4,2.86
2018-03-05,2.41,2.88
2018-03-06,2.42,2.88
2018-03-07,2.42,2.89
2018-03-08,2.42,2.86
2018-03-09,2.45,2.9
2018-03-12,2.43,2.87
2018-03-13,2.41,2.84
2018-03-14,2.41,2.81
2018-03-15,2.42,2.82
2018-03-16,2.44,2.85
2018-03-19,2.45,2.85
2018-03-20,2.49,2.89
2018-03-21,2.46,2.89
2018-03-22,2.43,2.83
2018-03-23,2.41,2.82
2018-03-26,2.44,2.85
2018-03-27,2.39,2.78
2018-03-28,2.41,2.77
2018-03-29,2.39,2.74
2018-04-02,2.37,2.73
2018-04-03,2.41,2.79
2018-04-04,2.42,2.79
2018-04-05,2.45,2.83
2018-04-06,2.4,2.77
2018-04-09,2.43,2.78
2018-04-10,2.45,2.8
2018-04-11,2.45,2.79
2018-04-12,2.49,2.83
2018-04-13,2.51,2.82
2018-04-16,2.52,2.83
2018-04-17,2.52,2.82
2018-04-18,2.57,2.87
2018-04-19,2.58,2.92
2018-04-20,2.62,2.96
2018-04-23,2.64,2.98
2018-04-24,2.63,3.0
2018-04-25,2.64,3.03
2018-04-26,2.63,3.0
2018-04-27,2.62,2.96
2018-04-30,2.62,2.95
2018-05-01,2.66,2.97
2018-05-02,2.64,2.97
2018-05-03,2.62,2.94
2018-05-04,2.63,2.95
2018-05-07,2.64,2.95
2018-05-08,2.66,2.97
2018-05-09,2.68,3.0
2018-05-10,2.69,2.97
2018-05-11,2.69,2.97
2018-05-14,2.7,3.0
2018-05-15,2.75,3.08
2018-05-16,2.76,3.09
2018-05-17,2.75,3.11
2018-05-18,2.71,3.06
2018-05-21,2.73,3.06
2018-05-22,2.73,3.06
2018-05-23,2.67,3.01
2018-05-24,2.65,2.98
2018-05-25,2.6,2.93
2018-05-29,2.43,2.77
2018-05-30,2.53,2.84
2018-05-31,2.54,2.83
2018-06-01,2.61,2.89
2018-06-04,2.64,2.94
2018-06-05,2.62,2.92
2018-06-06,2.65,2.97
2018-06-07,2.63,2.93
2018-06-08,2.63,2.93
2018-06-11,2.66,2.96
2018-06-12,2.67,2.96
2018-06-13,2.71,2.98
2018-06-14,2.69,2.94
2018-06-15,2.68,2.93
2018-06-18,2.67,2.92
2018-06-19,2.64,2.89
2018-06-20,2.67,2.93
2018-06-21,2.65,2.9
2018-06-22,2.65,2.9
2018-06-25,2.63,2.87
2018-06-26,2.63,2.88
2018-06-27,2.59,2.83
2018-06-28,2.6,2.84
2018-06-29,2.63,2.85
2018-07-02,2.65,2.87
2018-07-03,2.63,2.83
2018-07-05,2.65,2.84
2018-07-06,2.64,2.82
2018-07-09,2.66,2.86
2018-07-10,2.69,2.87
2018-07-11,2.67,2.85
2018-07-12,2.68,2.85
2018-07-13,2.66,2.83
2018-07-16,2.67,2.85
2018-07-17,2.69,2.86
2018-07-18,2.69,2.88
2018-07-19,2.67,2.84
2018-07-20,2.68,2.89
2018-07-23,2.72,2.96
2018-07-24,2.74,2.95
2018-07-25,2.74,2.94
2018-07-26,2.78,2.98
2018-07-27,2.76,2.96
2018-07-30,2.77,2.98
2018-07-31,2.77,2.96
2018-08-01,2.78,3.0
2018-08-02,2.76,2.98
2018-08-03,2.74,2.95
2018-08-06,2.73,2.94
2018-08-07,2.76,2.98
2018-08-08,2.77,2.96
2018-08-09,2.74,2.93
2018-08-10,2.68,2.87
2018-08-13,2.68,2.88
2018-08-14,2.71,2.89
2018-08-15,2.68,2.86
2018-08-16,2.7,2.87
2018-08-17,2.68,2.87
2018-08-20,2.65,2.82
2018-08-21,2.67,2.85
2018-08-22,2.65,2.82
2018-08-23,2.66,2.82
2018-08-24,2.68,2.82
2018-08-27,2.7,2.85
2018-08-28,2.73,2.88
2018-08-29,2.75,2.89
2018-08-30,2.72,2.86
2018-08-31,2.7,2.86
2018-09-04,2.73,2.9
2018-09-05,2.72,2.9
2018-09-06,2.71,2.88
2018-09-07,2.78,2.94
2018-09-10,2.78,2.94
2018-09-11,2.83,2.98
2018-09-12,2.82,2.97
2018-09-13,2.83,2.97
2018-09-14,2.85,2.99
2018-09-17,2.85,2.99
2018-09-18,2.88,3.05
2018-09-19,2.89,3.08
2018-09-20,2.89,3.07
2018-09-21,2.89,3.07
2018-09-24,2.89,3.08
2018-09-25,2.91,3.1
2018-09-26,2.89,3.06
2018-09-27,2.89,3.06
2018-09-28,2.88,3.05
2018-10-01,2.9,3.09
2018-10-02,2.88,3.05
2018-10-03,2.94,3.15
2018-10-04,2.97,3.19
2018-10-05,2.99,3.23
2018-10-09,2.98,3.21
2018-10-10,2.97,3.22
2018-10-11,2.94,3.14
2018-10-12,2.93,3.15
2018-10-15,2.94,3.16
2018-10-16,2.95,3.16
2018-10-17,2.97,3.19
2018-10-18,2.95,3.17
2018-10-19,2.99,3.2
2018-10-22,2.99,3.2
2018-10-23,2.95,3.17
2018-10-24,2.89,3.1
2018-10-25,2.92,3.14
2018-10-26,2.85,3.08
2018-10-29,2.86,3.08
2018-10-30,2.9,3.12
2018-10-31,2.93,3.15
2018-11-01,2.91,3.14
2018-11-02,2.98,3.22
2018-11-05,2.99,3.2
2018-11-06,3.01,3.22
2018-11-07,3.03,3.22
2018-11-08,3.05,3.24
2018-11-09,3.01,3.19
2018-11-13,2.95,3.14
2018-11-14,2.92,3.12
2018-11-15,2.91,3.11
2018-11-16,2.85,3.08
2018-11-19,2.82,3.06
2018-11-20,2.83,3.06
2018-11-21,2.84,3.06
2018-11-23,2.83,3.05
2018-11-26,2.86,3.07
2018-11-27,2.86,3.06
2018-11-28,2.84,3.06
2018-11-29,2.83,3.03
2018-11-30,2.83,3.01
2018-12-03,2.84,2.98
2018-12-04,2.81,2.91
2018-12-06,2.76,2.87
2018-12-07,2.72,2.85
2018-12-10,2.73,2.85
2018-12-11,2.78,2.89
2018-12-12,2.78,2.91
2018-12-13,2.76,2.91
2018-12-14,2.72,2.89
2018-12-17,2.68,2.86
2018-12-18,2.64,2.82
2018-12-19,2.61,2.77
2018-12-20,2.65,2.79
2018-12-21,2.61,2.79
2018-12-24,2.56,2.74
2018-12-26,2.6,2.81
2018-12-27,2.55,2.77
2018-12-28,2.5,2.72
2018-12-31,2.46,2.69
2019-01-02,2.47,2.66
2019-01-03,2.35,2.56
2019-01-04,2.47,2.67
2019-01-07,2.51,2.7
2019-01-08,2.57,2.73
2019-01-09,2.54,2.74
2019-01-10,2.54,2.74
2019-01-11,2.51,2.71
2019-01-14,2.51,2.71
2019-01-15,2.51,2.72
2019-01-16,2.53,2.73
2019-01-17,2.55,2.75
2019-01-18,2.6,2.79
2019-01-22,2.55,2.74
2019-01-23,2.57,2.76
2019-01-24,2.54,2.72
2019-01-25,2.58,2.76
2019-01-28,2.58,2.75
2019-01-29,2.54,2.72
2019-01-30,2.49,2.7
2019-01-31,2.43,2.63
2019-02-01,2.5,2.7
2019-02-04,2.52,2.73
2019-02-05,2.5,2.71
2019-02-06,2.5,2.7
2019-02-07,2.46,2.65
2019-02-08,2.43,2.63
2019-02-11,2.47,2.65
2019-02-12,2.48,2.68
2019-02-13,2.52,2.71
2019-02-14,2.48,2.66
2019-02-15,2.5,2.66
2019-02-19,2.47,2.65
2019-02-20,2.47,2.65
2019-02-21,2.49,2.69
2019-02-22,2.46,2.65
2019-02-25,2.48,2.67
2019-02-26,2.44,2.64
2019-02-27,2.48,2.69
2019-02-28,2.5,2.73
2019-03-01,2.54,2.76
2019-03-04,2.52,2.72
2019-03-05,2.52,2.72
2019-03-06,2.49,2.69
2019-03-07,2.44,2.64
2019-03-08,2.43,2.62
2019-03-11,2.45,2.64
2019-03-12,2.41,2.61
2019-03-13,2.41,2.61
2019-03-14,2.42,2.63
2019-03-15,2.39,2.59
2019-03-18,2.41,2.6
2019-03-19,2.42,2.61
2019-03-20,2.34,2.54
2019-03-21,2.34,2.54
2019-03-22,2.24,2.44
2019-03-25,2.19,2.43
2019-03-26,2.18,2.41
2019-03-27,2.16,2.39
2019-03-28,2.18,2.39
2019-03-29,2.21,2.41
2019-04-01,2.29,2.49
2019-04-02,2.26,2.48
2019-04-03,2.29,2.52
2019-04-04,2.29,2.51
2019-04-05,2.3,2.5
2019-04-08,2.31,2.52
2019-04-09,2.31,2.51
2019-04-10,2.27,2.48
2019-04-11,2.3,2.51
2019-04-12,2.36,2.56
2019-04-15,2.36,2.55
2019-04-16,2.38,2.6
2019-04-17,2.37,2.59
2019-04-18,2.36,2.57
2019-04-22,2.36,2.59
2019-04-23,2.34,2.57
2019-04-24,2.28,2.53
2019-04-25,2.29,2.54
2019-04-26,2.25,2.51
2019-04-29,2.27,2.54
2019-04-30,2.24,2.51
2019-05-01,2.28,2.52
2019-05-02,2.32,2.55
2019-05-03,2.3,2.54
2019-05-06,2.27,2.51
2019-05-07,2.24,2.45
2019-05-08,2.26,2.49
2019-05-09,2.22,2.45
2019-05-10,2.23,2.47
2019-05-13,2.15,2.4
2019-05-14,2.17,2.42
2019-05-15,2.12,2.37
2019-05-16,2.15,2.4
2019-05-17,2.15,2.39
2019-05-20,2.17,2.41
2019-05-21,2.2,2.43
2019-05-22,2.17,2.39
2019-05-23,2.08,2.31
2019-05-24,2.1,2.32
2019-05-28,2.06,2.26
2019-05-29,2.04,2.25
2019-05-30,2.0,2.22
2019-05-31,1.9,2.14
2019-06-03,1.79,2.07
2019-06-04,1.84,2.12
2019-06-05,1.81,2.12
2019-06-06,1.85,2.12
2019-06-07,1.82,2.09
2019-06-10,1.87,2.15
2019-06-11,1.87,2.15
2019-06-12,1.83,2.13
2019-06-13,1.78,2.1
2019-06-14,1.79,2.09
2019-06-17,1.8,2.09
2019-06-18,1.8,2.06
2019-06-19,1.7,2.03
2019-06-20,1.69,2.01
2019-06-21,1.74,2.07
2019-06-24,1.69,2.02
2019-06-25,1.67,2.0
2019-06-26,1.74,2.05
2019-06-27,1.71,2.01
2019-06-28,1.71,2.0
2019-07-01,1.74,2.03
2019-07-02,1.71,1.98
2019-07-03,1.71,1.96
2019-07-05,1.82,2.04
2019-07-08,1.84,2.05
2019-07-09,1.88,2.07
2019-07-10,1.79,2.07
2019-07-11,1.84,2.13
2019-07-12,1.81,2.12
2019-07-15,1.8,2.09
2019-07-16,1.84,2.13
2019-07-17,1.8,2.06
2019-07-18,1.74,2.04
2019-07-19,1.77,2.05
2019-07-22,1.77,2.05
2019-07-23,1.79,2.08
2019-07-24,1.79,2.05
2019-07-25,1.83,2.08
2019-07-26,1.83,2.08
2019-07-29,1.81,2.06
2019-07-30,1.82,2.06
2019-07-31,1.84,2.02
2019-08-01,1.67,1.9
2019-08-02,1.67,1.86
2019-08-05,1.55,1.75
2019-08-06,1.54,1.73
2019-08-07,1.51,1.71
2019-08-08,1.54,1.72
2019-08-09,1.58,1.74
2019-08-12,1.51,1.65
2019-08-13,1.6,1.68
2019-08-14,1.53,1.59
2019-08-15,1.44,1.52
2019-08-16,1.44,1.55
2019-08-19,1.49,1.6
2019-08-20,1.44,1.55
2019-08-21,1.5,1.59
2019-08-22,1.53,1.62
2019-08-23,1.43,1.52
2019-08-26,1.47,1.54
2019-08-27,1.43,1.49
2019-08-28,1.42,1.47
2019-08-29,1.44,1.5
2019-08-30,1.42,1.5
2019-09-03,1.38,1.47
2019-09-04,1.36,1.47
2019-09-05,1.47,1.57
2019-09-06,1.46,1.55
2019-09-09,1.52,1.63
2019-09-10,1.61,1.72
2019-09-11,1.62,1.75
2019-09-12,1.67,1.79
2019-09-13,1.76,1.9
2019-09-16,1.71,1.84
2019-09-17,1.68,1.81
2019-09-18,1.72,1.8
2019-09-19,1.68,1.79
2019-09-20,1.63,1.74
2019-09-23,1.61,1.72
2019-09-24,1.53,1.64
2019-09-25,1.61,1.73
2019-09-26,1.61,1.7
2019-09-27,1.58,1.69
2019-09-30,1.56,1.68
2019-10-01,1.51,1.65
2019-10-02,1.43,1.6
2019-10-03,1.34,1.54
2019-10-04,1.35,1.52
2019-10-07,1.41,1.56
2019-10-08,1.38,1.54
2019-10-09,1.43,1.59
2019-10-10,1.49,1.67
2019-10-11,1.6,1.76
2019-10-15,1.6,1.77
2019-10-16,1.57,1.75
2019-10-17,1.57,1.76
2019-10-18,1.56,1.76
2019-10-21,1.59,1.8
2019-10-22,1.59,1.78
2019-10-23,1.58,1.77
2019-10-24,1.58,1.77
2019-10-25,1.62,1.8
2019-10-28,1.65,1.85
2019-10-29,1.65,1.84
2019-10-30,1.6,1.78
2019-10-31,1.52,1.69
2019-11-01,1.55,1.73
2019-11-04,1.59,1.79
2019-11-05,1.63,1.86
2019-11-06,1.6,1.81
2019-11-07,1.7,1.92
2019-11-08,1.7,1.94
2019-11-12,1.69,1.92
2019-11-13,1.65,1.88
2019-11-14,1.59,1.82
2019-11-15,1.61,1.84
2019-11-18,1.59,1.81
2019-11-19,1.59,1.79
2019-11-20,1.55,1.73
2019-11-21,1.59,1.77
2019-11-22,1.6,1.77
2019-11-25,1.6,1.76
2019-11-26,1.58,1.74
2019-11-27,1.61,1.77
2019-11-29,1.61,1.78
2019-12-02,1.63,1.83
2019-12-03,1.54,1.72
2019-12-04,1.58,1.77
2019-12-05,1.6,1.8
2019-12-06,1.64,1.84
2019-12-09,1.63,1.83
2019-12-10,1.67,1.85
2019-12-11,1.62,1.79
2019-12-12,1.69,1.9
2019-12-13,1.62,1.82
2019-12-16,1.67,1.89
2019-12-17,1.66,1.89
2019-12-18,1.67,1.92
2019-12-19,1.65,1.92
2019-12-20,1.67,1.92
2019-12-23,1.67,1.93
2019-12-24,1.64,1.9
2019-12-26,1.65,1.9
2019-12-27,1.6,1.88
2019-12-30,1.59,1.9
2019-12-31,1.62,1.92
2020-01-02,1.59,1.88
2020-01-03,1.54,1.8
2020-01-06,1.56,1.81
2020-01-07,1.55,1.83
2020-01-08,1.61,1.87
2020-01-09,1.59,1.85
2020-01-10,1.59,1.83
2020-01-13,1.6,1.85
2020-01-14,1.59,1.82
2020-01-15,1.56,1.79
2020-01-16,1.58,1.81
2020-01-17,1.56,1.84
2020-01-21,1.53,1.78
2020-01-22,1.52,1.77
2020-01-23,1.51,1.74
2020-01-24,1.48,1.7
2020-01-27,1.41,1.61
2020-01-28,1.45,1.65
2020-01-29,1.39,1.6
2020-01-30,1.37,1.57
2020-01-31,1.3,1.51
2020-02-03,1.34,1.54
2020-02-04,1.4,1.61
2020-02-05,1.43,1.66
2020-02-06,1.43,1.65
2020-02-07,1.39,1.59
2020-02-10,1.36,1.56
2020-02-11,1.39,1.59
2020-02-12,1.42,1.62
2020-02-13,1.42,1.61
2020-02-14,1.4,1.59
2020-02-18,1.37,1.55
2020-02-19,1.39,1.56
2020-02-20,1.35,1.52
2020-02-21,1.3,1.46
2020-02-24,1.21,1.38
2020-02-25,1.16,1.33
2020-02-26,1.14,1.33
2020-02-27,1.08,1.3
2020-02-28,0.85,1.13
2020-03-02,0.85,1.1
2020-03-03,0.72,1.02
2020-03-04,0.68,1.02
2020-03-05,0.61,0.92
2020-03-06,0.53,0.74
2020-03-09,0.4,0.54
2020-03-10,0.58,0.76
2020-03-11,0.58,0.82
2020-03-12,0.58,0.88
2020-03-13,0.58,0.94
2020-03-16,0.43,0.73
2020-03-17,0.54,1.02
2020-03-18,0.66,1.18
2020-03-19,0.53,1.12
2020-03-20,0.41,0.92
2020-03-23,0.31,0.76
2020-03-24,0.44,0.84
2020-03-25,0.41,0.88
2020-03-26,0.36,0.83
2020-03-27,0.3,0.72
2020-03-30,0.29,0.7
2020-03-31,0.29,0.7
2020-04-01,0.28,0.62
2020-04-02,0.29,0.63
2020-04-03,0.3,0.62
2020-04-06,0.35,0.67
2020-04-07,0.36,0.75
2020-04-08,0.34,0.77
2020-04-09,0.29,0.73
2020-04-13,0.31,0.76
2020-04-14,0.29,0.76
2020-04-15,0.24,0.63
2020-04-16,0.25,0.61
2020-04-17,0.26,0.65
2020-04-20,0.26,0.63
2020-04-21,0.24,0.58
2020-04-22,0.26,0.63
2020-04-23,0.26,0.61
2020-04-24,0.26,0.6
2020-04-27,0.29,0.67
2020-04-28,0.26,0.62
2020-04-29,0.24,0.63
2020-04-30,0.24,0.64
2020-05-01,0.25,0.64
2020-05-04,0.24,0.64
2020-05-05,0.24,0.66
2020-05-06,0.24,0.72
2020-05-07,0.19,0.63
2020-05-08,0.21,0.69
2020-05-11,0.24,0.73
2020-05-12,0.22,0.69
2020-05-13,0.2,0.64
2020-05-14,0.2,0.63
2020-05-15,0.19,0.64
2020-05-18,0.24,0.73
2020-05-19,0.22,0.7
2020-05-20,0.21,0.68
2020-05-21,0.21,0.68
2020-05-22,0.21,0.66
2020-05-26,0.22,0.69
2020-05-27,0.22,0.68
2020-05-28,0.22,0.7
2020-05-29,0.19,0.65
2020-06-01,0.2,0.66
2020-06-02,0.2,0.68
2020-06-03,0.26,0.77
2020-06-04,0.26,0.82
2020-06-05,0.29,0.91
2020-06-08,0.29,0.88
2020-06-09,0.25,0.84
2020-06-10,0.22,0.75
2020-06-11,0.22,0.66
2020-06-12,0.22,0.71
2020-06-15,0.22,0.71
2020-06-16,0.23,0.75
2020-06-17,0.23,0.74
2020-06-18,0.22,0.71
2020-06-19,0.22,0.7
2020-06-22,0.22,0.71
2020-06-23,0.22,0.72
2020-06-24,0.21,0.69
2020-06-25,0.21,0.68
2020-06-26,0.19,0.64
2020-06-29,0.18,0.64
2020-06-30,0.18,0.66
2020-07-01,0.19,0.69
2020-07-02,0.19,0.68
2020-07-06,0.19,0.69
2020-07-07,0.19,0.65
2020-07-08,0.19,0.67
2020-07-09,0.18,0.62
2020-07-10,0.19,0.65
2020-07-13,0.19,0.64
2020-07-14,0.19,0.63
2020-07-15,0.18,0.64
2020-07-16,0.17,0.62
2020-07-17,0.18,0.64
2020-07-20,0.18,0.62
2020-07-21,0.17,0.61
2020-07-22,0.17,0.6
2020-07-23,0.16,0.59
2020-07-24,0.17,0.59
2020-07-27,0.18,0.62
2020-07-28,0.16,0.59
2020-07-29,0.15,0.58
2020-07-30,0.14,0.55
2020-07-31,0.11,0.55
2020-08-03,0.13,0.56
2020-08-04,0.1,0.52
2020-08-05,0.13,0.55
2020-08-06,0.13,0.55
2020-08-07,0.14,0.57
2020-08-10,0.15,0.59
2020-08-11,0.18,0.64
2020-08-12,0.19,0.69
2020-08-13,0.19,0.71
2020-08-14,0.18,0.71
2020-08-17,0.18,0.69
2020-08-18,0.17,0.67
2020-08-19,0.17,0.68
2020-08-20,0.15,0.65
2020-08-21,0.16,0.64
2020-08-24,0.18,0.65
2020-08-25,0.18,0.69
2020-08-26,0.18,0.69
2020-08-27,0.19,0.74
2020-08-28,0.16,0.74
2020-08-31,0.15,0.72
2020-09-01,0.14,0.68
2020-09-02,0.16,0.66
2020-09-03,0.15,0.63
2020-09-04,0.18,0.72
2020-09-08,0.17,0.69
2020-09-09,0.17,0.71
2020-09-10,0.17,0.68
2020-09-11,0.16,0.67
2020-09-14,0.16,0.68
2020-09-15,0.16,0.68
2020-09-16,0.16,0.69
2020-09-17,0.16,0.69
2020-09-18,0.16,0.7
2020-09-21,0.16,0.68
2020-09-22,0.15,0.68
2020-09-23,0.15,0.68
2020-09-24,0.16,0.67
2020-09-25,0.15,0.66
2020-09-28,0.16,0.67
2020-09-29,0.13,0.66
2020-09-30,0.16,0.69
2020-10-01,0.16,0.68
2020-10-02,0.16,0.7
2020-10-05,0.19,0.78
2020-10-06,0.17,0.76
2020-10-07,0.21,0.81
2020-10-08,0.18,0.78
2020-10-09,0.2,0.79
2020-10-13,0.18,0.74
2020-10-14,0.18,0.73
2020-10-15,0.18,0.74
2020-10-16,0.18,0.76
2020-10-19,0.19,0.78
2020-10-20,0.19,0.81
2020-10-21,0.2,0.83
2020-10-22,0.21,0.87
2020-10-23,0.21,0.85
2020-10-26,0.18,0.81
2020-10-27,0.19,0.79
2020-10-28,0.19,0.79
2020-10-29,0.2,0.85
2020-10-30,0.19,0.88
2020-11-02,0.2,0.87
2020-11-03,0.21,0.9
2020-11-04,0.18,0.78
2020-11-05,0.18,0.79
2020-11-06,0.21,0.83
2020-11-09,0.25,0.96
2020-11-10,0.26,0.98
2020-11-12,0.23,0.88
2020-11-13,0.23,0.89
2020-11-16,0.24,0.91
2020-11-17,0.22,0.87
2020-11-18,0.22,0.88
2020-11-19,0.22,0.86
2020-11-20,0.21,0.83
2020-11-23,0.22,0.86
2020-11-24,0.22,0.88
2020-11-25,0.21,0.88
2020-11-27,0.2,0.84
2020-11-30,0.19,0.84
2020-12-01,0.22,0.92
2020-12-02,0.22,0.95
2020-12-03,0.21,0.92
2020-12-04,0.21,0.97
2020-12-07,0.2,0.94
2020-12-08,0.2,0.92
2020-12-09,0.21,0.95
2020-12-10,0.2,0.92
2020-12-11,0.18,0.9
2020-12-14,0.17,0.9
2020-12-15,0.18,0.92
2020-12-16,0.18,0.92
2020-12-17,0.19,0.94
2020-12-18,0.19,0.95
2020-12-21,0.18,0.95
2020-12-22,0.17,0.93
2020-12-23,0.18,0.96
2020-12-24,0.17,0.94
2020-12-28,0.17,0.94
2020-12-29,0.17,0.94
2020-12-30,0.17,0.93
2020-12-31,0.17,0.93
2021-01-04,0.16,0.93
2021-01-05,0.17,0.96
2021-01-06,0.2,1.04
2021-01-07,0.22,1.08
2021-01-08,0.24,1.13
2021-01-11,0.22,1.15
2021-01-12,0.23,1.15
2021-01-13,0.22,1.1
2021-01-14,0.23,1.15
2021-01-15,0.2,1.11
2021-01-19,0.21,1.1
2021-01-20,0.19,1.1
2021-01-21,0.19,1.12
2021-01-22,0.19,1.1
2021-01-25,0.17,1.05
2021-01-26,0.18,1.05
2021-01-27,0.18,1.04
2021-01-28,0.18,1.07
2021-01-29,0.19,1.11
2021-02-01,0.17,1.09
2021-02-02,0.18,1.12
2021-02-03,0.19,1.15
2021-02-04,0.18,1.15
2021-02-05,0.19,1.19
2021-02-08,0.2,1.19
2021-02-09,0.19,1.18
2021-02-10,0.19,1.15
2021-02-11,0.19,1.16
2021-02-12,0.2,1.2
2021-02-16,0.23,1.3
2021-02-17,0.21,1.29
2021-02-18,0.21,1.29
2021-02-19,0.22,1.34
2021-02-22,0.22,1.37
2021-02-23,0.22,1.37
2021-02-24,0.24,1.38
2021-02-25,0.34,1.54
2021-02-26,0.3,1.44
2021-03-01,0.27,1.45
2021-03-02,0.26,1.42
2021-03-03,0.29,1.47
2021-03-04,0.32,1.54
2021-03-05,0.32,1.56
2021-03-08,0.34,1.59
2021-03-09,0.35,1.55
2021-03-10,0.32,1.53
2021-03-11,0.31,1.54
2021-03-12,0.34,1.64
2021-03-15,0.33,1.62
2021-03-16,0.33,1.62
2021-03-17,0.29,1.63
2021-03-18,0.33,1.71
2021-03-19,0.33,1.74
2021-03-22,0.32,1.69
2021-03-23,0.31,1.63
2021-03-24,0.31,1.62
2021-03-25,0.3,1.63
2021-03-26,0.31,1.67
2021-03-29,0.32,1.73
2021-03-30,0.33,1.73
2021-03-31,0.35,1.74
2021-04-01,0.35,1.69
2021-04-02,0.39,1.72
2021-04-05,0.37,1.73
2021-04-06,0.35,1.67
2021-04-07,0.34,1.68
2021-04-08,0.33,1.64
2021-04-09,0.35,1.67
2021-04-12,0.38,1.69
2021-04-13,0.35,1.64
2021-04-14,0.35,1.64
2021-04-15,0.32,1.56
2021-04-16,0.34,1.59
2021-04-19,0.34,1.61
2021-04-20,0.31,1.58
2021-04-21,0.32,1.57
2021-04-22,0.32,1.57
2021-04-23,0.34,1.58
2021-04-26,0.35,1.58
2021-04-27,0.36,1.63
2021-04-28,0.35,1.63
2021-04-29,0.35,1.65
2021-04-30,0.35,1.65
2021-05-03,0.33,1.63
2021-05-04,0.33,1.61
2021-05-05,0.32,1.59
2021-05-06,0.32,1.58
2021-05-07,0.29,1.6
2021-05-10,0.32,1.63
2021-05-11,0.31,1.64
2021-05-12,0.35,1.69
2021-05-13,0.33,1.66
2021-05-14,0.33,1.63
2021-05-17,0.34,1.64
2021-05-18,0.34,1.64
2021-05-19,0.35,1.68
2021-05-20,0.34,1.63
2021-05-21,0.34,1.63
2021-05-24,0.32,1.61
2021-05-25,0.3,1.56
2021-05-26,0.31,1.58
2021-05-27,0.31,1.61
2021-05-28,0.3,1.58
2021-06-01,0.31,1.62
2021-06-02,0.3,1.59
2021-06-03,0.34,1.63
2021-06-04,0.32,1.56
2021-06-07,0.33,1.57
2021-06-08,0.32,1.53
2021-06-09,0.31,1.5
2021-06-10,0.3,1.45
2021-06-11,0.31,1.47
2021-06-14,0.33,1.51
2021-06-15,0.34,1.51
2021-06-16,0.41,1.57
2021-06-17,0.43,1.52
2021-06-18,0.47,1.45
2021-06-21,0.48,1.5
2021-06-22,0.44,1.48
2021-06-23,0.47,1.5
2021-06-24,0.48,1.49
2021-06-25,0.48,1.54
2021-06-28,0.47,1.49
2021-06-29,0.47,1.49
2021-06-30,0.46,1.45
2021-07-01,0.47,1.48
2021-07-02,0.45,1.44
2021-07-06,0.42,1.37
2021-07-07,0.41,1.33
