DATE,HIGH,CLOSE
2013-04-29,13.94,13.71
2013-04-30,14.28,13.52
2013-05-01,14.67,14.49
2013-05-02,14.48,13.59
2013-05-03,13.15,12.85
2013-05-06,13.19,12.66
2013-05-07,12.96,12.83
2013-05-08,13.04,12.66
2013-05-09,13.53,13.13
2013-05-10,13.45,12.59
2013-05-13,12.87,12.55
2013-05-14,13.21,12.77
2013-05-15,13.43,12.81
2013-05-16,13.46,13.07
2013-05-17,12.94,12.45
2013-05-20,13.28,13.02
2013-05-21,13.44,13.37
2013-05-22,14.45,13.82
2013-05-23,15.11,14.07
2013-05-24,14.79,13.99
2013-05-28,14.56,14.48
2013-05-29,15.65,14.83
2013-05-30,14.98,14.53
2013-05-31,16.35,16.3
2013-06-03,17.58,16.28
2013-06-04,17.25,16.27
2013-06-05,17.84,17.5
2013-06-06,18.51,16.63
2013-06-07,16.21,15.14
2013-06-10,15.6,15.44
2013-06-11,17.14,17.07
2013-06-12,18.6,18.59
2013-06-13,18.58,16.41
2013-06-14,17.26,17.15
2013-06-17,17.62,16.8
2013-06-18,16.95,16.61
2013-06-19,17.18,16.64
2013-06-20,21.32,20.49
2013-06-21,20.93,18.9
2013-06-24,21.91,20.11
2013-06-25,19.22,18.47
2013-06-26,18.06,17.21
2013-06-27,16.97,16.86
2013-06-28,17.69,16.86
2013-07-01,16.9,16.37
2013-07-02,16.93,16.44
2013-07-03,17.32,16.2
2013-07-05,16.28,14.89
2013-07-08,15.27,14.78
2013-07-09,14.65,14.35
2013-07-10,14.62,14.21
2013-07-11,14.2,14.01
2013-07-12,14.04,13.84
2013-07-15,14.11,13.79
2013-07-16,14.56,14.42
2013-07-17,14.44,13.78
2013-07-18,13.8,13.77
2013-07-19,13.97,12.54
2013-07-22,13.37,12.29
2013-07-23,13.06,12.66
2013-07-24,13.49,13.18
2013-07-25,13.54,12.97
2013-07-26,13.73,12.72
2013-07-29,13.86,13.39
2013-07-30,14.14,13.39
2013-07-31,13.83,13.45
2013-08-01,13.25,12.94
2013-08-02,12.74,11.98
2013-08-05,12.42,11.84
2013-08-06,12.93,12.72
2013-08-07,13.91,12.98
2013-08-08,13.13,12.73
2013-08-09,13.66,13.41
2013-08-12,13.57,12.81
2013-08-13,13.37,12.31
2013-08-14,13.09,13.04
2013-08-15,14.85,14.73
2013-08-16,14.88,14.37
2013-08-19,15.2,15.1
2013-08-20,15.25,14.91
2013-08-21,16.56,15.94
2013-08-22,15.26,14.76
2013-08-23,14.82,13.98
2013-08-26,15.01,14.99
2013-08-27,17.13,16.77
2013-08-28,17.11,16.49
2013-08-29,16.98,16.81
2013-08-30,17.81,17.01
2013-09-03,17.37,16.61
2013-09-04,17.01,15.88
2013-09-05,16.12,15.77
2013-09-06,16.81,15.85
2013-09-09,16.02,15.63
2013-09-10,15.09,14.53
2013-09-11,14.74,13.82
2013-09-12,14.39,14.29
2013-09-13,14.55,14.16
2013-09-16,14.49,14.38
2013-09-17,14.61,14.53
2013-09-18,14.68,13.59
2013-09-19,13.39,13.16
2013-09-20,13.47,13.12
2013-09-23,14.71,14.31
2013-09-24,14.37,14.08
2013-09-25,14.62,14.01
2013-09-26,14.4,14.06
2013-09-27,15.79,15.46
2013-09-30,17.49,16.6
2013-10-01,16.46,15.54
2013-10-02,16.81,16.6
2013-10-03,18.71,17.67
2013-10-04,17.87,16.74
2013-10-07,19.41,19.41
2013-10-08,21.01,20.34
2013-10-09,21.34,19.6
2013-10-10,17.92,16.48
2013-10-11,16.38,15.72
2013-10-14,17.74,16.07
2013-10-15,18.67,18.66
2013-10-16,17.15,14.71
2013-10-17,14.59,13.48
2013-10-18,13.53,13.04
2013-10-21,13.63,13.16
2013-10-22,13.92,13.33
2013-10-23,14.21,13.42
2013-10-24,13.62,13.2
2013-10-25,13.44,13.09
2013-10-28,13.72,13.31
2013-10-29,13.63,13.41
2013-10-30,14.45,13.65
2013-10-31,14.02,13.75
2013-11-01,13.92,13.28
2013-11-04,13.67,12.93
2013-11-05,13.64,13.27
2013-11-06,13.33,12.67
2013-11-07,14.14,13.91
2013-11-08,13.8,12.9
2013-11-11,12.93,12.53
2013-11-12,13.06,12.82
2013-11-13,13.35,12.52
2013-11-14,12.94,12.37
2013-11-15,12.45,12.19
2013-11-18,13.22,13.1
2013-11-19,13.68,13.39
2013-11-20,13.94,13.4
2013-11-21,13.09,12.66
2013-11-22,12.91,12.26
2013-11-25,12.92,12.79
2013-11-26,12.99,12.81
2013-11-27,12.98,12.98
2013-11-29,13.78,13.7
2013-12-02,14.31,14.23
2013-12-03,15.04,14.55
2013-12-04,15.71,14.7
2013-12-05,15.38,15.08
2013-12-06,14.09,13.79
2013-12-09,14.07,13.49
2013-12-10,14.22,13.91
2013-12-11,15.43,15.42
2013-12-12,16.09,15.54
2013-12-13,15.8,15.76
2013-12-16,16.08,16.03
2013-12-17,16.67,16.21
2013-12-18,16.75,13.8
2013-12-19,14.21,14.15
2013-12-20,13.87,13.79
2013-12-23,13.53,13.04
2013-12-24,12.89,12.48
2013-12-26,12.5,12.33
2013-12-27,12.59,12.46
2013-12-30,13.58,13.56
2013-12-31,14.35,13.72
2014-01-02,14.59,14.23
2014-01-03,14.22,13.76
2014-01-06,14.0,13.55
2014-01-07,13.28,12.92
2014-01-08,13.24,12.87
2014-01-09,13.26,12.89
2014-01-10,12.9,12.14
2014-01-13,13.65,13.28
2014-01-14,12.9,12.28
2014-01-15,12.4,12.28
2014-01-16,12.66,12.53
2014-01-17,12.93,12.44
2014-01-21,13.42,12.87
2014-01-22,13.12,12.84
2014-01-23,14.66,13.77
2014-01-24,18.14,18.14
2014-01-27,18.99,17.42
2014-01-28,17.28,15.8
2014-01-29,18.04,17.35
2014-01-30,17.39,17.29
2014-01-31,18.99,18.41
2014-02-03,21.48,21.44
2014-02-04,20.07,19.11
2014-02-05,20.72,19.95
2014-02-06,19.09,17.23
2014-02-07,16.31,15.29
2014-02-10,15.76,15.26
2014-02-11,15.29,14.51
2014-02-12,14.64,14.3
2014-02-13,15.24,14.14
2014-02-14,14.22,13.57
2014-02-18,14.51,13.87
2014-02-19,15.73,15.5
2014-02-20,15.8,14.79
2014-02-21,14.79,14.68
2014-02-24,14.83,14.23
2014-02-25,14.83,13.67
2014-02-26,14.54,14.35
2014-02-27,14.69,14.04
2014-02-28,14.79,14.0
2014-03-03,16.78,16.0
2014-03-04,14.54,14.1
2014-03-05,14.32,13.89
2014-03-06,14.42,14.21
2014-03-07,14.43,14.11
2014-03-10,15.28,14.2
2014-03-11,14.93,14.8
2014-03-12,15.64,14.47
2014-03-13,16.66,16.22
2014-03-14,18.22,17.82
2014-03-17,16.4,15.64
2014-03-18,15.47,14.52
2014-03-19,15.95,15.12
2014-03-20,15.62,14.52
2014-03-21,15.17,15.0
2014-03-24,16.07,15.09
2014-03-25,15.05,14.02
2014-03-26,15.28,14.93
2014-03-27,15.63,14.62
2014-03-28,14.86,14.41
2014-03-31,14.16,13.88
2014-04-01,13.56,13.1
2014-04-02,13.35,13.09
2014-04-03,13.7,13.37
2014-04-04,14.55,13.96
2014-04-07,16.01,15.57
2014-04-08,16.2,14.89
2014-04-09,14.94,13.82
2014-04-10,16.38,15.89
2014-04-11,17.85,17.03
2014-04-14,17.4,16.11
2014-04-15,17.5,15.61
2014-04-16,15.27,14.18
2014-04-17,14.17,13.36
2014-04-21,14.11,13.25
2014-04-22,13.26,13.19
2014-04-23,13.75,13.27
2014-04-24,14.08,13.32
2014-04-25,14.67,14.06
2014-04-28,15.28,13.97
2014-04-29,14.24,13.71
2014-04-30,14.18,13.41
2014-05-01,13.75,13.25
2014-05-02,13.5,12.91
2014-05-05,14.2,13.29
2014-05-06,13.9,13.8
2014-05-07,14.49,13.4
2014-05-08,13.88,13.43
2014-05-09,14.03,12.92
2014-05-12,12.58,12.23
2014-05-13,12.74,12.13
2014-05-14,12.51,12.17
2014-05-15,13.77,13.17
2014-05-16,13.66,12.44
2014-05-19,13.21,12.42
2014-05-20,13.3,12.96
2014-05-21,12.46,11.91
2014-05-22,12.09,12.03
2014-05-23,11.97,11.36
2014-05-27,11.84,11.51
2014-05-28,11.86,11.68
2014-05-29,11.82,11.57
2014-05-30,11.7,11.4
2014-06-02,12.17,11.58
2014-06-03,12.13,11.87
2014-06-04,12.33,12.08
2014-06-05,12.34,11.68
2014-06-06,11.39,10.73
2014-06-09,11.51,11.15
2014-06-10,11.66,10.99
2014-06-11,11.87,11.6
2014-06-12,12.81,12.56
2014-06-13,12.69,12.18
2014-06-16,12.87,12.65
2014-06-17,12.89,12.06
2014-06-18,11.91,10.61
2014-06-19,10.82,10.62
2014-06-20,11.02,10.85
2014-06-23,11.35,10.98
2014-06-24,12.27,12.13
2014-06-25,12.33,11.59
2014-06-26,12.51,11.63
2014-06-27,12.04,11.26
2014-06-30,11.81,11.57
2014-07-01,11.42,11.15
2014-07-02,11.18,10.82
2014-07-03,10.76,10.32
2014-07-07,11.54,11.33
2014-07-08,12.51,11.98
2014-07-09,12.05,11.65
2014-07-10,13.23,12.59
2014-07-11,12.68,12.08
2014-07-14,11.83,11.82
2014-07-15,12.47,11.96
2014-07-16,11.45,11.0
2014-07-17,15.38,14.54
2014-07-18,13.55,12.06
2014-07-21,13.62,12.81
2014-07-22,12.24,12.24
2014-07-23,12.16,11.52
2014-07-24,12.06,11.84
2014-07-25,12.75,12.69
2014-07-28,13.64,12.56
2014-07-29,13.35,13.28
2014-07-30,14.07,13.33
2014-07-31,17.11,16.95
2014-08-01,17.57,17.03
2014-08-04,16.8,15.12
2014-08-05,17.14,16.87
2014-08-06,17.3,16.37
2014-08-07,17.25,16.66
2014-08-08,17.09,15.77
2014-08-11,15.16,14.23
2014-08-12,14.74,14.13
2014-08-13,13.93,12.9
2014-08-14,13.13,12.42
2014-08-15,14.94,13.15
2014-08-18,12.85,12.32
2014-08-19,12.46,12.21
2014-08-20,12.24,11.78
2014-08-21,13.51,11.76
2014-08-22,12.48,11.47
2014-08-25,11.77,11.7
2014-08-26,11.93,11.63
2014-08-27,11.93,11.78
2014-08-28,12.73,12.05
2014-08-29,12.44,11.98
2014-09-02,13.41,12.25
2014-09-03,12.55,12.36
2014-09-04,12.99,12.64
2014-09-05,13.18,12.09
2014-09-08,13.09,12.66
2014-09-09,13.91,13.5
2014-09-10,14.06,12.88
2014-09-11,13.67,12.8
2014-09-12,14.27,13.31
2014-09-15,14.19,14.12
2014-09-16,14.53,12.73
2014-09-17,14.53,12.65
2014-09-18,12.58,12.03
2014-09-19,12.61,12.11
2014-09-22,13.98,13.69
2014-09-23,14.94,14.93
2014-09-24,14.93,13.27
2014-09-25,16.69,15.64
2014-09-26,15.98,14.85
2014-09-29,17.08,15.98
2014-09-30,16.43,16.31
2014-10-01,17.56,16.71
2014-10-02,17.98,16.16
2014-10-03,15.43,14.55
2014-10-06,15.77,15.46
2014-10-07,17.46,17.2
2014-10-08,18.03,15.11
2014-10-09,19.38,18.76
2014-10-10,22.06,21.24
2014-10-13,24.64,24.64
2014-10-14,24.55,22.79
2014-10-15,31.06,26.25
2014-10-16,29.41,25.2
2014-10-17,23.08,21.99
2014-10-20,22.16,18.57
2014-10-21,17.75,16.08
2014-10-22,18.43,17.87
2014-10-23,17.06,16.53
2014-10-24,18.06,16.11
2014-10-27,17.87,16.04
2014-10-28,15.78,14.39
2014-10-29,16.28,15.15
2014-10-30,15.75,14.52
2014-10-31,14.83,14.03
2014-11-03,14.99,14.73
2014-11-04,15.93,14.89
2014-11-05,14.99,14.17
2014-11-06,15.08,13.67
2014-11-07,14.16,13.12
2014-11-10,13.25,12.67
2014-11-11,13.18,12.92
2014-11-12,13.76,13.02
2014-11-13,14.31,13.79
2014-11-14,14.15,13.31
2014-11-17,14.73,13.99
2014-11-18,13.99,13.86
2014-11-19,14.78,13.96
2014-11-20,15.74,13.58
2014-11-21,13.8,12.9
2014-11-24,13.02,12.62
2014-11-25,13.02,12.25
2014-11-26,12.4,12.07
2014-11-28,13.49,13.33
2014-12-01,14.75,14.29
2014-12-02,14.17,12.85
2014-12-03,12.88,12.47
2014-12-04,13.23,12.38
2014-12-05,12.28,11.82
2014-12-08,14.67,14.21
2014-12-09,16.68,14.89
2014-12-10,18.92,18.53
2014-12-11,20.13,20.08
2014-12-12,23.06,21.08
2014-12-15,24.83,20.42
2014-12-16,25.2,23.57
2014-12-17,24.61,19.44
2014-12-18,18.51,16.81
2014-12-19,17.2,16.49
2014-12-22,16.88,15.25
2014-12-23,15.21,14.8
2014-12-24,14.54,14.37
2014-12-26,14.84,14.5
2014-12-29,16.14,15.06
2014-12-30,16.2,15.92
2014-12-31,19.91,19.2
2015-01-02,20.14,17.79
2015-01-05,21.29,19.92
2015-01-06,22.9,21.12
2015-01-07,20.72,19.31
2015-01-08,18.09,17.01
2015-01-09,18.42,17.55
2015-01-12,20.44,19.6
2015-01-13,21.58,20.56
2015-01-14,23.34,21.48
2015-01-15,23.31,22.39
2015-01-16,23.43,20.95
2015-01-20,21.37,19.89
2015-01-21,21.28,18.85
2015-01-22,19.23,16.4
2015-01-23,17.09,16.66
2015-01-26,17.43,15.52
2015-01-27,18.41,17.22
2015-01-28,20.44,20.44
2015-01-29,21.56,18.76
2015-01-30,22.18,20.97
2015-02-02,22.81,19.43
2015-02-03,18.89,17.33
2015-02-04,18.38,18.33
2015-02-05,17.43,16.85
2015-02-06,18.74,17.29
2015-02-09,19.28,18.55
2015-02-10,18.36,17.23
2015-02-11,17.81,16.96
2015-02-12,16.47,15.34
2015-02-13,15.64,14.69
2015-02-17,16.33,15.8
2015-02-18,16.74,15.45
2015-02-19,16.22,15.29
2015-02-20,16.29,14.3
2015-02-23,15.48,14.56
2015-02-24,14.63,13.69
2015-02-25,14.06,13.84
2015-02-26,14.57,13.91
2015-02-27,14.17,13.34
2015-03-02,13.9,13.04
2015-03-03,14.69,13.86
2015-03-04,15.33,14.23
2015-03-05,14.58,14.04
2015-03-06,15.83,15.2
2015-03-09,15.76,15.06
2015-03-10,16.91,16.69
2015-03-11,17.19,16.87
2015-03-12,16.45,15.42
2015-03-13,16.74,16.0
2015-03-16,15.89,15.61
2015-03-17,16.37,15.66
2015-03-18,16.29,13.97
2015-03-19,14.97,14.07
2015-03-20,13.53,13.02
2015-03-23,13.53,13.41
2015-03-24,13.68,13.62
2015-03-25,15.55,15.44
2015-03-26,17.19,15.8
2015-03-27,15.83,15.07
2015-03-30,14.76,14.51
2015-03-31,15.74,15.29
2015-04-01,16.66,15.11
2015-04-02,15.51,14.67
2015-04-06,15.76,14.74
2015-04-07,14.81,14.78
2015-04-08,14.77,13.98
2015-04-09,14.59,13.09
2015-04-10,13.26,12.58
2015-04-13,14.31,13.94
2015-04-14,14.74,13.67
2015-04-15,13.58,12.84
2015-04-16,13.35,12.6
2015-04-17,15.02,13.89
2015-04-20,13.67,13.3
2015-04-21,13.51,13.25
2015-04-22,13.8,12.71
2015-04-23,12.96,12.48
2015-04-24,13.02,12.29
2015-04-27,13.4,13.12
2015-04-28,14.23,12.41
2015-04-29,14.34,13.39
2015-04-30,15.29,14.55
2015-05-01,13.98,12.7
2015-05-04,13.18,12.85
2015-05-05,14.41,14.31
2015-05-06,16.36,15.15
2015-05-07,15.97,15.13
2015-05-08,13.42,12.86
2015-05-11,13.85,13.85
2015-05-12,15.13,13.86
2015-05-13,14.04,13.76
2015-05-14,13.29,12.74
2015-05-15,13.09,12.38
2015-05-18,13.22,12.73
2015-05-19,13.13,12.85
2015-05-20,13.27,12.88
2015-05-21,13.09,12.11
2015-05-22,12.37,12.13
2015-05-26,14.63,14.06
2015-05-27,14.41,13.27
2015-05-28,13.99,13.31
2015-05-29,14.43,13.84
2015-06-01,14.86,13.97
2015-06-02,15.05,14.24
2015-06-03,14.2,13.66
2015-06-04,15.49,14.71
2015-06-05,15.65,14.21
2015-06-08,15.5,15.29
2015-06-09,15.74,14.47
2015-06-10,14.37,13.22
2015-06-11,13.22,12.85
2015-06-12,14.02,13.78
2015-06-15,15.57,15.39
2015-06-16,15.62,14.81
2015-06-17,15.49,14.5
2015-06-18,14.03,13.19
2015-06-19,14.0,13.96
2015-06-22,13.46,12.74
2015-06-23,12.68,12.11
2015-06-24,13.33,13.26
2015-06-25,14.16,14.01
2015-06-26,14.91,14.02
2015-06-29,19.5,18.85
2015-06-30,19.8,18.23
2015-07-01,17.26,16.09
2015-07-02,17.48,16.79
2015-07-06,18.95,17.01
2015-07-07,19.2,16.09
2015-07-08,19.76,19.66
2015-07-09,20.05,19.97
2015-07-10,18.17,16.83
2015-07-13,15.36,13.9
2015-07-14,13.95,13.37
2015-07-15,13.97,13.23
2015-07-16,12.61,12.11
2015-07-17,12.22,11.95
2015-07-20,12.37,12.25
2015-07-21,12.79,12.22
2015-07-22,12.83,12.12
2015-07-23,13.08,12.63
2015-07-24,14.73,13.74
2015-07-27,16.27,15.6
2015-07-28,15.62,13.44
2015-07-29,13.59,12.5
2015-07-30,13.42,12.13
2015-07-31,12.63,12.12
2015-08-03,13.55,12.56
2015-08-04,13.22,13.0
2015-08-05,12.72,12.51
2015-08-06,14.25,13.77
2015-08-07,14.58,13.39
2015-08-10,12.78,12.23
2015-08-11,14.33,13.71
2015-08-12,16.28,13.61
2015-08-13,14.33,13.49
2015-08-14,13.87,12.83
2015-08-17,14.52,13.02
2015-08-18,13.94,13.79
2015-08-19,15.96,15.25
2015-08-20,19.24,19.14
2015-08-21,28.38,28.03
2015-08-24,53.29,40.74
2015-08-25,38.06,36.02
2015-08-26,35.62,30.32
2015-08-27,29.9,26.1
2015-08-28,29.2,26.05
2015-08-31,29.37,28.43
2015-09-01,33.82,31.4
2015-09-02,30.45,26.09
2015-09-03,26.31,25.61
2015-09-04,29.47,27.8
2015-09-08,26.25,24.9
2015-09-09,26.82,26.23
2015-09-10,27.22,24.37
2015-09-11,25.81,23.2
2015-09-14,25.32,24.25
2015-09-15,23.77,22.54
2015-09-16,22.94,21.35
2015-09-17,23.33,21.14
2015-09-18,23.99,22.28
2015-09-21,22.48,20.14
2015-09-22,26.29,22.44
2015-09-23,23.2,22.13
2015-09-24,25.3,23.47
2015-09-25,24.29,23.62
2015-09-28,28.33,27.63
2015-09-29,28.2,26.83
2015-09-30,25.88,24.5
2015-10-01,25.23,22.55
2015-10-02,24.47,20.94
2015-10-05,20.42,19.54
2015-10-06,20.32,19.4
2015-10-07,19.73,18.4
2015-10-08,19.02,17.42
2015-10-09,18.2,17.08
2015-10-12,17.81,16.17
2015-10-13,17.7,17.67
2015-10-14,18.78,18.03
2015-10-15,17.85,16.05
2015-10-16,16.86,15.05
2015-10-19,16.23,14.98
2015-10-20,16.34,15.75
2015-10-21,16.7,16.7
2015-10-22,15.92,14.45
2015-10-23,15.12,14.46
2015-10-26,15.43,15.29
2015-10-27,15.99,15.43
2015-10-28,15.73,14.33
2015-10-29,15.46,14.61
2015-10-30,15.39,15.07
2015-11-02,15.51,14.15
2015-11-03,14.73,14.54
2015-11-04,15.88,15.51
2015-11-05,16.39,15.05
2015-11-06,16.0,14.33
2015-11-09,17.09,16.52
2015-11-10,16.96,15.29
2015-11-11,16.15,16.06
2015-11-12,18.5,18.37
2015-11-13,20.67,20.08
2015-11-16,20.55,18.16
2015-11-17,19.59,18.84
2015-11-18,19.45,16.85
2015-11-19,18.26,16.99
2015-11-20,16.38,15.47
2015-11-23,16.74,15.62
2015-11-24,17.21,15.93
2015-11-25,15.89,15.19
2015-11-27,16.09,15.12
2015-11-30,16.57,16.13
2015-12-01,16.34,14.67
2015-12-02,16.49,15.91
2015-12-03,19.35,18.11
2015-12-04,17.65,14.81
2015-12-07,17.18,15.84
2015-12-08,18.33,17.6
2015-12-09,20.13,19.61
2015-12-10,19.72,19.34
2015-12-11,25.27,24.39
2015-12-14,26.81,22.73
2015-12-15,21.62,20.95
2015-12-16,20.24,17.86
2015-12-17,19.05,18.94
2015-12-18,23.3,20.7
2015-12-21,20.21,18.7
2015-12-22,18.22,16.6
2015-12-23,16.25,15.57
2015-12-24,15.88,15.74
2015-12-28,18.13,16.91
2015-12-29,16.48,16.08
2015-12-30,17.42,17.29
2015-12-31,20.39,18.21
2016-01-04,23.36,20.7
2016-01-05,21.06,19.34
2016-01-06,21.86,20.59
2016-01-07,25.86,24.99
2016-01-08,27.08,27.01
2016-01-11,27.39,24.3
2016-01-12,23.93,22.47
2016-01-13,26.11,25.22
2016-01-14,26.28,23.95
2016-01-15,30.95,27.02
2016-01-19,27.59,26.05
2016-01-20,32.09,27.59
2016-01-21,28.43,26.69
2016-01-22,24.55,22.34
2016-01-25,24.31,24.15
2016-01-26,24.02,22.5
2016-01-27,27.22,23.11
2016-01-28,23.81,22.42
2016-01-29,21.74,20.2
2016-02-01,23.66,19.98
2016-02-02,22.42,21.98
2016-02-03,27.7,21.65
2016-02-04,23.14,21.84
2016-02-05,24.11,23.38
2016-02-08,27.72,26.0
2016-02-09,28.31,26.54
2016-02-10,26.6,26.29
2016-02-11,30.9,28.14
2016-02-12,27.57,25.4
2016-02-16,25.52,24.11
2016-02-17,24.16,22.31
2016-02-18,22.53,21.64
2016-02-19,23.44,20.53
2016-02-22,20.35,19.38
2016-02-23,21.16,20.98
2016-02-24,22.87,20.72
2016-02-25,21.26,19.11
2016-02-26,20.13,19.81
2016-02-29,20.81,20.55
2016-03-01,20.17,17.7
2016-03-02,18.41,17.09
2016-03-03,17.56,16.7
2016-03-04,17.35,16.86
2016-03-07,18.04,17.35
2016-03-08,18.89,18.67
2016-03-09,19.11,18.34
2016-03-10,19.59,18.05
2016-03-11,17.27,16.5
2016-03-14,17.67,16.92
2016-03-15,17.85,16.84
2016-03-16,16.33,14.99
2016-03-17,15.38,14.44
2016-03-18,14.36,14.02
2016-03-21,14.73,13.79
2016-03-22,14.76,14.17
2016-03-23,15.03,14.94
2016-03-24,16.44,14.74
2016-03-28,16.04,15.24
2016-03-29,15.89,13.82
2016-03-30,13.89,13.56
2016-03-31,14.28,13.95
2016-04-01,15.28,13.1
2016-04-04,14.24,14.12
2016-04-05,15.72,15.42
2016-04-06,15.98,14.09
2016-04-07,16.77,16.16
2016-04-08,15.93,15.36
2016-04-11,16.26,16.26
2016-04-12,16.57,14.85
2016-04-13,14.53,13.84
2016-04-14,14.12,13.72
2016-04-15,14.19,13.62
2016-04-18,14.94,13.35
2016-04-19,13.88,13.24
2016-04-20,13.5,13.28
2016-04-21,14.14,13.95
2016-04-22,14.19,13.22
2016-04-25,14.76,14.08
2016-04-26,14.43,13.96
2016-04-27,14.95,13.77
2016-04-28,15.61,15.22
2016-04-29,17.09,15.7
2016-05-02,16.5,14.68
2016-05-03,16.42,15.6
2016-05-04,16.85,16.05
2016-05-05,16.45,15.91
2016-05-06,16.58,14.72
2016-05-09,15.39,14.57
2016-05-10,14.35,13.63
2016-05-11,14.69,14.69
2016-05-12,15.42,14.41
2016-05-13,15.47,15.04
2016-05-16,15.98,14.68
2016-05-17,16.12,15.57
2016-05-18,16.47,15.95
2016-05-19,17.65,16.33
2016-05-20,16.3,15.2
2016-05-23,16.47,15.82
2016-05-24,16.06,14.42
2016-05-25,14.33,13.9
2016-05-26,14.11,13.43
2016-05-27,13.76,13.12
2016-05-31,15.0,14.19
2016-06-01,15.25,14.2
2016-06-02,14.92,13.63
2016-06-03,14.66,13.47
2016-06-06,14.27,13.65
2016-06-07,14.05,14.05
2016-06-08,14.27,14.08
2016-06-09,14.85,14.64
2016-06-10,17.33,17.03
2016-06-13,21.01,20.97
2016-06-14,22.16,20.5
2016-06-15,20.45,20.14
2016-06-16,22.89,19.37
2016-06-17,20.03,19.41
2016-06-20,18.55,18.37
2016-06-21,18.96,18.48
2016-06-22,21.22,21.17
2016-06-23,19.79,17.25
2016-06-24,26.24,25.76
2016-06-27,26.72,23.85
2016-06-28,22.07,18.75
2016-06-29,18.27,16.64
2016-06-30,16.99,15.63
2016-07-01,15.86,14.77
2016-07-05,16.62,15.58
2016-07-06,17.04,14.96
2016-07-07,15.98,14.76
2016-07-08,14.75,13.2
2016-07-11,13.67,13.54
2016-07-12,13.93,13.55
2016-07-13,13.79,13.04
2016-07-14,13.37,12.82
2016-07-15,13.22,12.67
2016-07-18,13.12,12.44
2016-07-19,12.83,11.97
2016-07-20,11.97,11.77
2016-07-21,13.06,12.74
2016-07-22,12.88,12.02
2016-07-25,13.72,12.87
2016-07-26,13.5,13.05
2016-07-27,13.74,12.83
2016-07-28,13.52,12.72
2016-07-29,12.9,11.87
2016-08-01,12.98,12.44
2016-08-02,14.24,13.37
2016-08-03,13.91,12.86
2016-08-04,12.98,12.42
2016-08-05,12.26,11.39
2016-08-08,11.78,11.5
2016-08-09,11.92,11.66
2016-08-10,12.5,12.05
2016-08-11,12.11,11.68
2016-08-12,12.0,11.55
2016-08-15,12.17,11.81
2016-08-16,12.78,12.64
2016-08-17,13.71,12.19
2016-08-18,12.53,11.43
2016-08-19,12.28,11.34
2016-08-22,13.02,12.27
2016-08-23,12.44,12.38
2016-08-24,14.01,13.45
2016-08-25,14.09,13.63
2016-08-26,14.93,13.65
2016-08-29,14.43,12.94
2016-08-30,13.6,13.12
2016-08-31,14.34,13.42
2016-09-01,14.61,13.48
2016-09-02,13.9,11.98
2016-09-06,12.93,12.02
2016-09-07,12.45,11.94
2016-09-08,12.6,12.51
2016-09-09,17.54,17.5
2016-09-12,20.51,15.16
2016-09-13,18.97,17.85
2016-09-14,18.14,18.14
2016-09-15,18.07,16.3
2016-09-16,17.1,15.37
2016-09-19,15.96,15.53
2016-09-20,16.09,15.92
2016-09-21,15.65,13.3
2016-09-22,13.39,12.02
2016-09-23,12.58,12.29
2016-09-26,14.63,14.5
2016-09-27,14.76,13.1
2016-09-28,13.57,12.39
2016-09-29,15.69,14.02
2016-09-30,15.2,13.29
2016-10-03,14.42,13.57
2016-10-04,14.57,13.63
2016-10-05,13.68,12.99
2016-10-06,13.84,12.84
2016-10-07,14.15,13.48
2016-10-10,14.36,13.38
2016-10-11,16.47,15.36
2016-10-12,16.34,15.91
2016-10-13,17.95,16.69
2016-10-14,16.5,16.12
2016-10-17,17.11,16.21
2016-10-18,15.85,15.28
2016-10-19,15.68,14.41
2016-10-20,14.72,13.75
2016-10-21,14.53,13.34
2016-10-24,13.26,13.02
2016-10-25,13.86,13.46
2016-10-26,14.8,14.24
2016-10-27,15.43,15.36
2016-10-28,17.35,16.19
2016-10-31,17.63,17.06
2016-11-01,20.43,18.56
2016-11-02,19.82,19.32
2016-11-03,22.57,22.08
2016-11-04,23.01,22.51
2016-11-07,19.86,18.71
2016-11-08,19.91,18.74
2016-11-09,21.48,14.38
2016-11-10,16.3,14.74
2016-11-11,16.0,14.17
2016-11-14,15.56,14.48
2016-11-15,14.65,13.37
2016-11-16,14.49,13.72
2016-11-17,13.88,13.35
2016-11-18,13.74,12.85
2016-11-21,13.44,12.42
2016-11-22,12.83,12.41
2016-11-23,13.01,12.43
2016-11-25,12.74,12.34
2016-11-28,13.5,13.15
2016-11-29,13.55,12.9
2016-11-30,13.42,13.33
2016-12-01,14.72,14.07
2016-12-02,14.48,14.12
2016-12-05,13.77,12.14
2016-12-06,12.3,11.79
2016-12-07,12.24,12.22
2016-12-08,13.4,12.64
2016-12-09,12.72,11.75
2016-12-12,12.78,12.64
2016-12-13,13.42,12.72
2016-12-14,13.39,13.19
2016-12-15,13.24,12.79
2016-12-16,12.95,12.2
2016-12-19,12.52,11.71
2016-12-20,11.75,11.45
2016-12-21,11.49,11.27
2016-12-22,11.67,11.43
2016-12-23,11.81,11.44
2016-12-27,12.33,11.99
2016-12-28,13.04,12.95
2016-12-29,13.71,13.37
2016-12-30,14.68,14.04
2017-01-03,14.07,12.85
2017-01-04,12.8,11.85
2017-01-05,12.09,11.67
2017-01-06,11.74,11.32
2017-01-09,12.08,11.56
2017-01-10,11.79,11.49
2017-01-11,12.23,11.26
2017-01-12,12.6,11.54
2017-01-13,11.62,11.23
2017-01-17,12.75,11.87
2017-01-18,12.81,12.48
2017-01-19,13.28,12.78
2017-01-20,12.59,11.54
2017-01-23,12.62,11.77
2017-01-24,11.89,11.07
2017-01-25,11.05,10.81
2017-01-26,11.01,10.63
2017-01-27,10.82,10.58
2017-01-30,12.9,11.88
2017-01-31,12.99,11.99
2017-02-01,12.05,11.81
2017-02-02,12.47,11.93
2017-02-03,11.84,10.97
2017-02-06,11.84,11.37
2017-02-07,11.67,11.29
2017-02-08,11.82,11.45
2017-02-09,11.53,10.88
2017-02-10,10.95,10.85
2017-02-13,11.4,11.07
2017-02-14,11.34,10.74
2017-02-15,12.01,11.97
2017-02-16,12.86,11.76
2017-02-17,12.26,11.49
2017-02-21,12.09,11.57
2017-02-22,12.07,11.74
2017-02-23,12.46,11.71
2017-02-24,12.59,11.47
2017-02-27,12.14,12.09
2017-02-28,12.96,12.92
2017-03-01,12.58,12.54
2017-03-02,12.71,11.81
2017-03-03,11.97,10.96
2017-03-06,11.72,11.24
2017-03-07,11.58,11.45
2017-03-08,11.86,11.86
2017-03-09,12.43,12.3
2017-03-10,12.09,11.66
2017-03-13,12.23,11.35
2017-03-14,12.54,12.3
2017-03-15,12.25,11.63
2017-03-16,11.55,11.21
2017-03-17,11.38,11.28
2017-03-20,11.72,11.34
2017-03-21,12.85,12.47
2017-03-22,13.16,12.81
2017-03-23,13.17,13.12
2017-03-24,14.16,12.96
2017-03-27,15.11,12.5
2017-03-28,12.67,11.53
2017-03-29,11.7,11.42
2017-03-30,11.64,11.54
2017-03-31,12.54,12.37
2017-04-03,13.59,12.38
2017-04-04,13.07,11.79
2017-04-05,12.89,12.89
2017-04-06,13.22,12.39
2017-04-07,13.43,12.87
2017-04-10,14.11,14.05
2017-04-11,15.88,15.07
2017-04-12,16.16,15.77
2017-04-13,16.22,15.96
2017-04-17,16.28,14.66
2017-04-18,15.5,14.42
2017-04-19,15.15,14.93
2017-04-20,14.81,14.15
2017-04-21,15.33,14.63
2017-04-24,12.01,10.84
2017-04-25,11.15,10.76
2017-04-26,10.89,10.85
2017-04-27,11.08,10.36
2017-04-28,11.16,10.82
2017-05-01,11.04,10.11
2017-05-02,10.59,10.59
2017-05-03,11.15,10.68
2017-05-04,11.24,10.46
2017-05-05,10.98,10.57
2017-05-08,10.55,9.77
2017-05-09,10.14,9.96
2017-05-10,10.24,10.21
2017-05-11,11.23,10.6
2017-05-12,10.87,10.4
2017-05-15,10.88,10.42
2017-05-16,10.67,10.65
2017-05-17,15.59,15.59
2017-05-18,16.3,14.66
2017-05-19,14.23,12.04
2017-05-22,12.52,10.93
2017-05-23,11.0,10.72
2017-05-24,10.9,10.02
2017-05-25,10.29,9.99
2017-05-26,10.48,9.81
2017-05-30,10.84,10.38
2017-05-31,11.3,10.41
2017-06-01,10.54,9.89
2017-06-02,10.3,9.75
2017-06-05,10.28,10.07
2017-06-06,10.77,10.45
2017-06-07,10.93,10.39
2017-06-08,10.53,10.16
2017-06-09,12.11,10.7
2017-06-12,12.37,11.46
2017-06-13,11.14,10.42
2017-06-14,11.26,10.64
2017-06-15,12.01,10.9
2017-06-16,11.35,10.38
2017-06-19,10.6,10.37
2017-06-20,11.15,10.86
2017-06-21,11.4,10.75
2017-06-22,11.01,10.48
2017-06-23,10.69,10.02
2017-06-26,10.44,9.9
2017-06-27,11.31,11.06
2017-06-28,11.49,10.03
2017-06-29,15.16,11.44
2017-06-30,11.85,11.18
2017-07-03,11.45,11.22
2017-07-05,12.03,11.07
2017-07-06,13.05,12.54
2017-07-07,12.57,11.19
2017-07-10,11.73,11.11
2017-07-11,12.14,10.89
2017-07-12,10.85,10.3
2017-07-13,10.4,9.9
2017-07-14,10.14,9.51
2017-07-17,10.03,9.82
2017-07-18,10.35,9.89
2017-07-19,9.94,9.79
2017-07-20,10.28,9.58
2017-07-21,9.98,9.36
2017-07-24,9.97,9.43
2017-07-25,9.52,9.43
2017-07-26,9.66,9.6
2017-07-27,11.5,10.11
2017-07-28,11.3,10.29
2017-07-31,10.84,10.26
2017-08-01,10.56,10.09
2017-08-02,10.81,10.28
2017-08-03,10.6,10.44
2017-08-04,10.5,10.03
2017-08-07,10.32,9.93
2017-08-08,11.52,10.96
2017-08-09,12.63,11.11
2017-08-10,16.17,16.04
2017-08-11,17.28,15.51
2017-08-14,14.05,12.33
2017-08-15,12.37,12.04
2017-08-16,12.54,11.74
2017-08-17,15.77,15.55
2017-08-18,16.04,14.26
2017-08-21,14.74,13.19
2017-08-22,12.94,11.35
2017-08-23,12.59,12.25
2017-08-24,12.83,12.23
2017-08-25,12.45,11.28
2017-08-28,12.11,11.32
2017-08-29,14.34,11.7
2017-08-30,11.98,11.22
2017-08-31,11.22,10.59
2017-09-01,10.46,10.13
2017-09-05,14.06,12.23
2017-09-06,12.59,11.63
2017-09-07,12.07,11.55
2017-09-08,12.6,12.12
2017-09-11,11.39,10.73
2017-09-12,10.95,10.58
2017-09-13,10.86,10.5
2017-09-14,11.04,10.44
2017-09-15,10.74,10.17
2017-09-18,10.42,10.15
2017-09-19,10.3,10.18
2017-09-20,10.67,9.78
2017-09-21,10.21,9.67
2017-09-22,10.2,9.59
2017-09-25,11.21,10.21
2017-09-26,10.68,10.17
2017-09-27,10.42,9.87
2017-09-28,10.13,9.55
2017-09-29,9.83,9.51
2017-10-02,10.04,9.45
2017-10-03,9.75,9.51
2017-10-04,9.88,9.63
2017-10-05,9.62,9.19
2017-10-06,10.27,9.65
2017-10-09,10.53,10.33
2017-10-10,10.66,10.08
2017-10-11,10.38,9.85
2017-10-12,10.33,9.91
2017-10-13,9.98,9.61
2017-10-16,10.02,9.91
2017-10-17,10.46,10.31
2017-10-18,10.41,10.07
2017-10-19,11.77,10.05
2017-10-20,10.04,9.97
2017-10-23,11.08,11.07
2017-10-24,11.16,11.16
2017-10-25,13.2,11.23
2017-10-26,11.81,11.3
2017-10-27,11.12,9.8
2017-10-30,10.89,10.5
2017-10-31,10.37,10.18
2017-11-01,10.49,10.2
2017-11-02,10.89,9.93
2017-11-03,9.91,9.14
2017-11-06,9.74,9.4
2017-11-07,10.31,9.89
2017-11-08,10.27,9.78
2017-11-09,12.19,10.5
2017-11-10,11.58,11.29
2017-11-13,12.18,11.5
2017-11-14,12.61,11.59
2017-11-15,14.51,13.13
2017-11-16,12.52,11.76
2017-11-17,12.01,11.43
2017-11-20,12.08,10.65
2017-11-21,10.78,9.73
2017-11-22,9.88,9.88
2017-11-24,9.96,9.67
2017-11-27,10.26,9.87
2017-11-28,10.31,10.03
2017-11-29,10.93,10.7
2017-11-30,12.05,11.28
2017-12-01,14.58,11.43
2017-12-04,11.86,11.68
2017-12-05,11.67,11.33
2017-12-06,11.68,11.02
2017-12-07,11.32,10.16
2017-12-08,10.06,9.58
2017-12-11,10.08,9.34
2017-12-12,9.92,9.92
2017-12-13,10.21,10.18
2017-12-14,10.54,10.49
2017-12-15,10.2,9.42
2017-12-18,9.89,9.53
2017-12-19,10.15,10.03
2017-12-20,9.85,9.72
2017-12-21,9.86,9.62
2017-12-22,10.18,9.9
2017-12-26,10.46,10.25
2017-12-27,10.79,10.47
2017-12-28,10.44,10.18
2017-12-29,11.06,11.04
2018-01-02,11.07,9.77
2018-01-03,9.65,9.15
2018-01-04,9.31,9.22
2018-01-05,9.54,9.22
2018-01-08,9.89,9.52
2018-01-09,10.09,10.08
2018-01-10,10.85,9.82
2018-01-11,10.02,9.88
2018-01-12,10.31,10.16
2018-01-16,12.41,11.66
2018-01-17,12.8,11.91
2018-01-18,12.4,12.22
2018-01-19,12.33,11.27
2018-01-22,11.62,11.03
2018-01-23,11.57,11.1
2018-01-24,12.19,11.47
2018-01-25,12.01,11.58
2018-01-26,11.6,11.08
2018-01-29,13.84,13.84
2018-01-30,15.42,14.79
2018-01-31,14.44,13.54
2018-02-01,14.3,13.47
2018-02-02,17.86,17.31
2018-02-05,38.8,37.32
2018-02-06,50.3,29.98
2018-02-07,31.64,27.73
2018-02-08,36.17,33.46
2018-02-09,41.06,29.06
2018-02-12,29.7,25.61
2018-02-13,27.82,24.97
2018-02-14,25.72,19.26
2018-02-15,20.66,19.13
2018-02-16,20.99,19.46
2018-02-20,21.61,20.6
2018-02-21,21.04,20.02
2018-02-22,20.61,18.72
2018-02-23,18.8,16.49
2018-02-26,16.94,15.8
2018-02-27,18.98,18.59
2018-02-28,20.44,19.85
2018-03-01,25.3,22.47
2018-03-02,26.22,19.59
2018-03-05,21.57,18.73
2018-03-06,19.64,18.36
2018-03-07,20.49,17.76
2018-03-08,17.68,16.54
2018-03-09,16.75,14.64
2018-03-12,16.35,15.78
2018-03-13,16.98,16.35
2018-03-14,17.59,17.23
2018-03-15,17.41,16.59
2018-03-16,16.72,15.8
2018-03-19,21.87,19.02
2018-03-20,19.31,18.2
2018-03-21,18.37,17.86
2018-03-22,23.81,23.34
2018-03-23,26.01,24.87
2018-03-26,24.54,21.03
2018-03-27,24.06,22.5
2018-03-28,24.94,22.87
2018-03-29,23.05,19.97
2018-04-02,25.72,23.62
2018-04-03,23.38,21.1
2018-04-04,24.51,20.06
2018-04-05,20.21,18.94
2018-04-06,23.12,21.49
2018-04-09,22.02,21.77
2018-04-10,21.68,20.47
2018-04-11,21.66,20.24
2018-04-12,19.92,18.49
2018-04-13,18.45,17.41
2018-04-16,17.66,16.56
2018-04-17,16.27,15.25
2018-04-18,16.9,15.6
2018-04-19,16.92,15.96
2018-04-20,17.5,16.88
2018-04-23,17.56,16.34
2018-04-24,19.66,18.02
2018-04-25,19.84,17.84
2018-04-26,18.12,16.24
2018-04-27,16.77,15.41
2018-04-30,16.35,15.93
2018-05-01,16.82,15.49
2018-05-02,15.97,15.97
2018-05-03,18.66,15.9
2018-05-04,16.92,14.77
2018-05-07,15.52,14.75
2018-05-08,15.56,14.71
2018-05-09,14.63,13.42
2018-05-10,13.63,13.23
2018-05-11,13.44,12.65
2018-05-14,13.28,12.93
2018-05-15,15.01,14.63
2018-05-16,14.91,13.42
2018-05-17,13.86,13.43
2018-05-18,13.87,13.42
2018-05-21,13.59,13.08
2018-05-22,13.42,13.22
2018-05-23,14.6,12.58
2018-05-24,14.24,12.53
2018-05-25,13.52,13.22
2018-05-29,18.78,17.02
2018-05-30,16.64,14.94
2018-05-31,16.29,15.43
2018-06-01,14.93,13.46
2018-06-04,13.91,12.74
2018-06-05,13.34,12.4
2018-06-06,12.56,11.64
2018-06-07,13.28,12.13
2018-06-08,13.31,12.18
2018-06-11,12.69,12.35
2018-06-12,12.6,12.34
2018-06-13,12.95,12.94
2018-06-14,13.07,12.12
2018-06-15,13.16,11.98
2018-06-18,13.74,12.31
2018-06-19,14.68,13.35
2018-06-20,13.02,12.79
2018-06-21,15.18,14.64
2018-06-22,14.6,13.77
2018-06-25,19.61,17.33
2018-06-26,17.54,15.92
2018-06-27,18.19,17.91
2018-06-28,18.99,16.85
2018-06-29,16.51,16.09
2018-07-02,18.08,15.6
2018-07-03,16.45,16.14
2018-07-05,16.22,14.97
2018-07-06,15.45,13.37
2018-07-09,13.45,12.69
2018-07-10,13.21,12.64
2018-07-11,14.15,13.63
2018-07-12,13.33,12.58
2018-07-13,12.97,12.18
2018-07-16,12.97,12.83
2018-07-17,13.18,12.06
2018-07-18,12.47,12.1
2018-07-19,13.09,12.87
2018-07-20,13.58,12.86
2018-07-23,13.55,12.62
2018-07-24,13.21,12.41
2018-07-25,12.82,12.29
2018-07-26,12.53,12.14
2018-07-27,14.26,13.03
2018-07-30,14.46,14.26
2018-07-31,14.12,12.83
2018-08-01,13.63,13.15
2018-08-02,14.53,12.19
2018-08-03,12.46,11.64
2018-08-06,12.15,11.27
2018-08-07,11.24,10.93
2018-08-08,11.18,10.85
2018-08-09,11.31,11.27
2018-08-10,13.82,13.16
2018-08-13,15.02,14.78
2018-08-14,14.22,13.31
2018-08-15,16.86,14.64
2018-08-16,14.36,13.45
2018-08-17,13.96,12.64
2018-08-20,12.79,12.49
2018-08-21,12.89,12.86
2018-08-22,13.29,12.25
2018-08-23,12.68,12.41
2018-08-24,12.17,11.99
2018-08-27,12.48,12.16
2018-08-28,12.5,12.5
2018-08-29,12.55,12.25
2018-08-30,13.95,13.53
2018-08-31,14.03,12.86
2018-09-04,14.35,13.16
2018-09-05,14.3,13.91
2018-09-06,15.41,14.65
2018-09-07,15.63,14.88
2018-09-10,15.2,14.16
2018-09-11,14.92,13.22
2018-09-12,13.86,13.14
2018-09-13,12.91,12.37
2018-09-14,13.15,12.07
2018-09-17,13.75,13.68
2018-09-18,13.48,12.79
2018-09-19,12.77,11.75
2018-09-20,11.96,11.8
2018-09-21,12.03,11.68
2018-09-24,12.92,12.2
2018-09-25,12.6,12.42
2018-09-26,13.13,12.89
2018-09-27,13.0,12.41
2018-09-28,13.22,12.12
2018-10-01,12.4,12.0
2018-10-02,12.69,12.05
2018-10-03,12.14,11.61
2018-10-04,15.84,14.22
2018-10-05,17.36,14.82
2018-10-08,18.38,15.69
2018-10-09,17.49,15.95
2018-10-10,22.96,22.96
2018-10-11,28.84,24.98
2018-10-12,26.8,21.31
2018-10-15,22.89,21.3
2018-10-16,20.56,17.62
2018-10-17,19.55,17.4
2018-10-18,21.57,20.06
2018-10-19,21.08,19.89
2018-10-22,20.89,19.64
2018-10-23,24.66,20.71
2018-10-24,26.38,25.23
2018-10-25,24.78,24.22
2018-10-26,27.52,24.16
2018-10-29,27.86,24.7
2018-10-30,25.55,23.35
2018-10-31,22.8,21.23
2018-11-01,21.21,19.34
2018-11-02,21.61,19.51
2018-11-05,20.87,19.96
2018-11-06,20.6,19.91
2018-11-07,18.05,16.36
2018-11-08,17.2,16.72
2018-11-09,18.41,17.36
2018-11-12,20.71,20.45
2018-11-13,21.25,20.02
2018-11-14,22.36,21.25
2018-11-15,22.97,19.98
2018-11-16,21.36,18.14
2018-11-19,20.99,20.1
2018-11-20,23.81,22.48
2018-11-21,22.31,20.8
2018-11-23,22.65,21.52
2018-11-26,20.8,18.9
2018-11-27,19.78,19.02
2018-11-28,19.38,18.49
2018-11-29,20.48,18.79
2018-11-30,19.38,18.07
2018-12-03,17.28,16.44
2018-12-04,21.94,20.74
2018-12-06,25.94,21.19
2018-12-07,24.71,23.23
2018-12-10,25.94,22.64
2018-12-11,23.6,21.76
2018-12-12,21.62,21.46
2018-12-13,21.38,20.65
2018-12-14,22.47,21.63
2018-12-17,25.88,24.52
2018-12-18,26.14,25.58
2018-12-19,26.64,25.58
2018-12-20,30.3,28.38
2018-12-21,31.35,30.11
2018-12-24,36.1,36.07
2018-12-26,36.2,30.41
2018-12-27,33.8,29.96
2018-12-28,31.05,28.34
2018-12-31,27.29,25.42
2019-01-02,27.72,23.22
2019-01-03,26.57,25.45
2019-01-04,24.08,21.38
2019-01-07,22.27,21.4
2019-01-08,22.03,20.47
2019-01-09,22.8,19.98
2019-01-10,21.32,19.5
2019-01-11,20.16,18.19
2019-01-14,19.99,19.07
2019-01-15,19.05,18.6
2019-01-16,19.04,19.04
2019-01-17,19.36,18.06
2019-01-18,18.18,17.8
2019-01-22,21.15,20.8
2019-01-23,22.02,19.52
2019-01-24,20.25,18.89
2019-01-25,18.16,17.42
2019-01-28,20.42,18.87
2019-01-29,19.93,19.13
2019-01-30,19.31,17.66
2019-01-31,17.72,16.57
2019-02-01,16.73,16.14
2019-02-04,16.69,15.73
2019-02-05,15.94,15.57
2019-02-06,15.87,15.38
2019-02-07,17.89,16.37
2019-02-08,17.63,15.72
2019-02-11,16.5,15.97
2019-02-12,15.65,15.43
2019-02-13,15.91,15.65
2019-02-14,17.27,16.22
2019-02-15,16.82,14.91
2019-02-19,16.16,14.88
2019-02-20,15.19,14.02
2019-02-21,15.17,14.46
2019-02-22,14.47,13.51
2019-02-25,14.9,14.85
2019-02-26,15.28,15.17
2019-02-27,16.17,14.7
2019-02-28,15.24,14.7
2019-03-01,14.84,13.57
2019-03-04,16.98,14.63
2019-03-05,15.39,14.74
2019-03-06,16.11,15.74
2019-03-07,17.81,16.59
2019-03-08,18.33,16.05
2019-03-11,16.43,14.33
2019-03-12,14.7,13.77
2019-03-13,14.05,13.41
2019-03-14,13.84,13.5
2019-03-15,13.28,12.88
2019-03-18,13.8,13.1
2019-03-19,13.77,13.56
2019-03-20,14.3,13.91
2019-03-21,14.56,13.63
2019-03-22,17.52,16.48
2019-03-25,17.85,16.33
2019-03-26,16.3,14.68
2019-03-27,16.71,15.15
2019-03-28,15.62,14.43
2019-03-29,14.43,13.71
2019-04-01,14.01,13.4
2019-04-02,13.68,13.36
2019-04-03,14.27,13.74
2019-04-04,14.03,13.58
2019-04-05,13.47,12.82
2019-04-08,13.77,13.18
2019-04-09,14.39,14.28
2019-04-10,14.29,13.3
2019-04-11,13.58,13.02
2019-04-12,12.96,12.01
2019-04-15,13.14,12.32
2019-04-16,12.47,12.18
2019-04-17,13.02,12.6
2019-04-18,13.12,12.09
2019-04-22,13.36,12.42
2019-04-23,12.69,12.28
2019-04-24,13.23,13.14
2019-04-25,14.3,13.25
2019-04-26,13.62,12.73
2019-04-29,13.27,13.11
2019-04-30,14.05,13.12
2019-05-01,14.83,14.8
2019-05-02,15.92,14.42
2019-05-03,14.15,12.87
2019-05-06,18.8,15.44
2019-05-07,21.84,19.32
2019-05-08,21.74,19.4
2019-05-09,23.38,19.1
2019-05-10,20.19,16.04
2019-05-13,21.32,20.55
2019-05-14,19.65,18.06
2019-05-15,19.15,16.44
2019-05-16,17.13,15.29
2019-05-17,16.81,15.96
2019-05-20,17.63,16.31
2019-05-21,16.22,14.95
2019-05-22,15.44,14.75
2019-05-23,18.05,16.92
2019-05-24,16.52,15.85
2019-05-28,17.7,17.5
2019-05-29,19.04,17.9
2019-05-30,18.11,17.3
2019-05-31,19.72,18.71
2019-06-03,19.75,18.86
2019-06-04,18.74,16.97
2019-06-05,17.49,16.09
2019-06-06,16.54,15.93
2019-06-07,16.44,16.3
2019-06-10,16.47,15.94
2019-06-11,16.7,15.99
2019-06-12,16.43,15.91
2019-06-13,16.21,15.82
2019-06-14,16.4,15.28
2019-06-17,15.76,15.35
2019-06-18,15.54,15.15
2019-06-19,15.71,14.33
2019-06-20,16.03,14.75
2019-06-21,15.48,15.4
2019-06-24,15.56,15.26
2019-06-25,16.68,16.28
2019-06-26,16.6,16.21
2019-06-27,16.4,15.82
2019-06-28,16.13,15.08
2019-07-01,14.64,14.06
2019-07-02,14.3,12.93
2019-07-03,13.19,12.57
2019-07-05,14.47,13.28
2019-07-08,14.44,13.96
2019-07-09,14.71,14.09
2019-07-10,14.69,13.03
2019-07-11,13.33,12.93
2019-07-12,12.82,12.39
2019-07-15,13.02,12.68
2019-07-16,13.14,12.86
2019-07-17,13.97,13.97
2019-07-18,14.5,13.53
2019-07-19,14.45,14.45
2019-07-22,14.7,13.53
2019-07-23,13.52,12.61
2019-07-24,13.1,12.07
2019-07-25,13.54,12.74
2019-07-26,12.72,12.16
2019-07-29,13.17,12.83
2019-07-30,14.18,13.94
2019-07-31,16.55,16.12
2019-08-01,19.46,17.87
2019-08-02,20.11,17.61
2019-08-05,24.81,24.59
2019-08-06,22.87,20.17
2019-08-07,23.67,19.49
2019-08-08,19.89,16.91
2019-08-09,19.44,17.97
2019-08-12,21.26,21.09
2019-08-13,21.64,17.52
2019-08-14,22.71,22.1
2019-08-15,24.1,21.18
2019-08-16,20.5,18.47
2019-08-19,18.22,16.88
2019-08-20,17.7,17.5
2019-08-21,17.04,15.8
2019-08-22,17.68,16.68
2019-08-23,21.07,19.87
2019-08-26,21.33,19.32
2019-08-27,21.04,20.31
2019-08-28,21.64,19.35
2019-08-29,19.2,17.88
2019-08-30,19.18,18.98
2019-09-03,21.15,19.66
2019-09-04,18.83,17.33
2019-09-05,17.05,16.27
2019-09-06,16.06,15.0
2019-09-09,16.13,15.27
2019-09-10,16.52,15.2
2019-09-11,15.52,14.61
2019-09-12,14.94,14.22
2019-09-13,14.31,13.74
2019-09-16,15.29,14.67
2019-09-17,15.03,14.44
2019-09-18,15.8,13.95
2019-09-19,14.66,14.05
2019-09-20,15.84,15.32
2019-09-23,16.0,14.91
2019-09-24,17.62,17.05
2019-09-25,18.45,15.96
2019-09-26,17.09,16.07
2019-09-27,18.69,17.22
2019-09-30,17.35,16.24
2019-10-01,18.62,18.56
2019-10-02,21.46,20.56
2019-10-03,21.44,19.12
2019-10-04,19.97,17.04
2019-10-07,18.52,17.86
2019-10-08,20.38,20.28
2019-10-09,20.0,18.64
2019-10-10,19.8,17.57
2019-10-11,17.44,15.58
2019-10-14,16.5,14.57
2019-10-15,14.43,13.54
2019-10-16,14.26,13.68
2019-10-17,14.18,13.79
2019-10-18,15.16,14.25
2019-10-21,14.63,14.0
2019-10-22,14.61,14.46
2019-10-23,15.12,14.01
2019-10-24,14.34,13.71
2019-10-25,13.79,12.65
2019-10-28,13.14,13.11
2019-10-29,13.52,13.2
2019-10-30,13.77,12.33
2019-10-31,13.95,13.22
2019-11-01,13.12,12.3
2019-11-04,13.13,12.83
2019-11-05,13.28,13.1
2019-11-06,13.39,12.62
2019-11-07,12.89,12.73
2019-11-08,13.05,12.07
2019-11-11,13.49,12.69
2019-11-12,13.1,12.68
2019-11-13,13.9,13.0
2019-11-14,13.81,13.05
2019-11-15,12.97,12.05
2019-11-18,13.1,12.46
2019-11-19,13.01,12.86
2019-11-20,14.17,12.78
2019-11-21,13.86,13.13
2019-11-22,13.25,12.34
2019-11-25,12.59,11.87
2019-11-26,12.04,11.54
2019-11-27,11.79,11.75
2019-11-29,12.83,12.62
2019-12-02,15.27,14.91
2019-12-03,17.99,15.96
2019-12-04,16.4,14.8
2019-12-05,15.37,14.52
2019-12-06,14.47,13.62
2019-12-09,16.07,15.86
2019-12-10,16.9,15.68
2019-12-11,15.97,14.99
2019-12-12,15.55,13.94
2019-12-13,14.35,12.63
2019-12-16,12.53,12.14
2019-12-17,12.47,12.29
2019-12-18,12.7,12.58
2019-12-19,12.78,12.5
2019-12-20,12.61,12.51
2019-12-23,12.9,12.61
2019-12-24,12.84,12.67
2019-12-26,12.75,12.65
2019-12-27,13.72,13.43
2019-12-30,15.14,14.82
2019-12-31,15.39,13.78
2020-01-02,13.72,12.47
2020-01-03,16.2,14.02
2020-01-06,16.39,13.85
2020-01-07,14.46,13.79
2020-01-08,15.24,13.45
2020-01-09,13.24,12.54
2020-01-10,12.87,12.56
2020-01-13,13.09,12.32
2020-01-14,13.82,12.39
2020-01-15,12.83,12.42
2020-01-16,12.42,12.32
2020-01-17,12.48,12.1
2020-01-21,13.33,12.85
2020-01-22,13.01,12.91
2020-01-23,14.15,12.98
2020-01-24,15.98,14.56
2020-01-27,19.02,18.23
2020-01-28,18.03,16.28
2020-01-29,16.65,16.39
2020-01-30,18.39,15.49
2020-01-31,19.99,18.84
2020-02-03,18.88,17.97
2020-02-04,16.46,16.05
2020-02-05,16.32,15.15
2020-02-06,15.66,14.96
2020-02-07,16.16,15.47
2020-02-10,16.43,15.04
2020-02-11,15.27,15.18
2020-02-12,14.88,13.74
2020-02-13,15.44,14.15
2020-02-14,14.54,13.68
2020-02-18,15.49,14.83
2020-02-19,14.74,14.38
2020-02-20,17.21,15.56
2020-02-21,18.21,17.08
2020-02-24,26.35,25.03
2020-02-25,30.25,27.85
2020-02-26,29.57,27.56
2020-02-27,39.31,39.16
2020-02-28,49.48,40.11
2020-03-02,43.77,33.42
2020-03-03,41.06,36.82
2020-03-04,35.58,31.99
2020-03-05,42.84,39.62
2020-03-06,54.39,41.94
2020-03-09,62.12,54.46
2020-03-10,55.66,47.3
2020-03-11,55.82,53.9
2020-03-12,76.83,75.47
2020-03-13,77.57,57.83
2020-03-16,83.56,82.69
2020-03-17,84.83,75.91
2020-03-18,85.47,76.45
2020-03-19,84.26,72.0
2020-03-20,69.51,66.04
2020-03-23,76.74,61.59
2020-03-24,61.88,61.67
2020-03-25,68.86,63.95
2020-03-26,67.06,61.0
2020-03-27,69.1,65.54
2020-03-30,67.69,57.08
2020-03-31,58.75,53.54
2020-04-01,60.59,57.06
2020-04-02,57.24,50.91
2020-04-03,52.29,46.8
2020-04-06,45.73,45.24
2020-04-07,47.51,46.7
2020-04-08,47.28,43.35
2020-04-09,45.73,41.67
2020-04-13,45.04,41.17
2020-04-14,40.57,37.76
2020-04-15,43.23,40.84
2020-04-16,43.02,40.11
2020-04-17,40.26,38.15
2020-04-20,43.83,43.83
2020-04-21,47.77,45.41
2020-04-22,45.07,41.98
2020-04-23,42.47,41.38
2020-04-24,42.08,35.93
2020-04-27,36.44,33.29
2020-04-28,35.39,33.57
2020-04-29,33.19,31.23
2020-04-30,35.94,34.15
2020-05-01,39.57,37.19
2020-05-04,40.32,35.97
2020-05-05,36.22,33.61
2020-05-06,35.69,34.12
2020-05-07,32.28,31.44
2020-05-08,30.39,27.98
2020-05-11,31.46,27.57
2020-05-12,33.04,33.04
2020-05-13,37.42,35.28
2020-05-14,39.28,32.61
2020-05-15,35.13,31.89
2020-05-18,31.08,29.3
2020-05-19,30.74,30.53
2020-05-20,29.83,27.99
2020-05-21,30.2,29.53
2020-05-22,31.55,28.16
2020-05-26,28.58,28.01
2020-05-27,30.53,27.62
2020-05-28,29.89,28.59
2020-05-29,30.16,27.51
2020-06-01,30.6,28.23
2020-06-02,28.52,26.84
2020-06-03,26.98,25.66
2020-06-04,26.43,25.81
2020-06-05,25.09,24.52
2020-06-08,25.98,25.81
2020-06-09,27.7,27.57
2020-06-10,29.01,27.57
2020-06-11,42.58,40.79
2020-06-12,44.16,36.09
2020-06-15,44.44,34.4
2020-06-16,37.45,33.67
2020-06-17,35.17,33.47
2020-06-18,36.25,32.94
2020-06-19,35.12,35.12
2020-06-22,35.39,31.77
2020-06-23,31.71,31.37
2020-06-24,37.12,33.84
2020-06-25,36.93,32.22
2020-06-26,36.25,34.73
2020-06-29,36.31,31.78
2020-06-30,32.94,30.43
2020-07-01,31.76,28.62
2020-07-02,28.44,27.68
2020-07-06,28.33,27.94
2020-07-07,29.63,29.43
2020-07-08,30.2,28.08
2020-07-09,31.48,29.26
2020-07-10,30.91,27.29
2020-07-13,32.45,32.19
2020-07-14,33.67,29.52
2020-07-15,30.09,27.76
2020-07-16,29.29,28.0
2020-07-17,27.54,25.68
2020-07-20,27.08,24.46
2020-07-21,25.65,24.84
2020-07-22,26.26,24.32
2020-07-23,26.95,26.08
2020-07-24,28.58,25.84
2020-07-27,26.94,24.74
2020-07-28,25.85,25.44
2020-07-29,25.42,24.1
2020-07-30,28.29,24.76
2020-07-31,26.41,24.46
2020-08-03,26.01,24.28
2020-08-04,24.76,23.76
2020-08-05,23.61,22.99
2020-08-06,24.11,22.65
2020-08-07,24.02,22.21
2020-08-10,23.52,22.13
2020-08-11,24.93,24.03
2020-08-12,22.88,22.28
2020-08-13,22.92,22.13
2020-08-14,23.55,22.05
2020-08-17,22.82,21.35
2020-08-18,22.55,21.51
2020-08-19,22.98,22.54
2020-08-20,24.6,22.72
2020-08-21,24.47,22.54
2020-08-24,23.18,22.37
2020-08-25,23.43,22.03
2020-08-26,23.27,23.27
2020-08-27,27.09,24.47
2020-08-28,26.3,22.96
2020-08-31,26.5,26.41
2020-09-01,26.59,26.12
2020-09-02,27.07,26.57
2020-09-03,35.94,33.6
2020-09-04,38.28,30.75
2020-09-08,35.93,31.46
2020-09-09,31.78,28.81
2020-09-10,30.56,29.71
2020-09-11,29.73,26.87
2020-09-14,26.79,25.85
2020-09-15,26.0,25.59
2020-09-16,26.59,26.04
2020-09-17,28.92,26.46
2020-09-18,28.1,25.83
2020-09-21,31.18,27.78
2020-09-22,28.78,26.86
2020-09-23,29.73,28.58
2020-09-24,30.49,28.51
2020-09-25,30.43,26.38
2020-09-28,27.19,26.19
2020-09-29,27.43,26.27
2020-09-30,27.12,26.37
2020-10-01,27.11,26.7
2020-10-02,29.9,27.63
2020-10-05,29.69,27.96
2020-10-06,30.0,29.48
2020-10-07,29.76,28.06
2020-10-08,27.99,26.36
2020-10-09,26.22,25.0
2020-10-12,25.65,25.07
2020-10-13,26.93,26.07
2020-10-14,27.23,26.4
2020-10-15,29.06,26.97
2020-10-16,27.46,27.41
2020-10-19,29.69,29.18
2020-10-20,29.6,29.35
2020-10-21,30.55,28.65
2020-10-22,30.12,28.11
2020-10-23,28.67,27.55
2020-10-26,33.68,32.46
2020-10-27,33.77,33.35
2020-10-28,40.77,40.28
2020-10-29,41.16,37.59
2020-10-30,41.09,38.02
2020-11-02,38.78,37.13
2020-11-03,36.44,35.55
2020-11-04,36.85,29.57
2020-11-05,28.14,27.58
2020-11-06,29.44,24.86
2020-11-09,25.82,25.75
2020-11-10,26.77,24.8
2020-11-11,25.12,23.45
2020-11-12,27.27,25.35
2020-11-13,25.03,23.1
2020-11-16,24.08,22.45
2020-11-17,24.09,22.71
2020-11-18,23.92,23.84
2020-11-19,24.52,23.11
2020-11-20,23.73,23.7
2020-11-23,23.96,22.66
2020-11-24,22.48,21.64
2020-11-25,22.5,21.25
2020-11-27,21.6,20.84
2020-11-30,22.89,20.57
2020-12-01,20.92,20.77
2020-12-02,21.25,21.17
2020-12-03,21.88,21.28
2020-12-04,21.15,20.79
2020-12-07,22.62,21.3
2020-12-08,22.25,20.68
2020-12-09,22.93,22.27
2020-12-10,23.46,22.52
2020-12-11,25.14,23.31
2020-12-14,24.82,24.72
2020-12-15,24.07,22.89
2020-12-16,23.67,22.5
2020-12-17,22.27,21.93
2020-12-18,23.77,21.57
2020-12-21,31.46,25.16
2020-12-22,25.56,24.23
2020-12-23,23.68,23.31
2020-12-24,22.83,21.53
2020-12-28,22.12,21.7
2020-12-29,23.72,23.08
2020-12-30,23.15,22.77
2020-12-31,23.25,22.75
2021-01-04,29.19,26.97
2021-01-05,28.6,25.34
2021-01-06,26.77,25.07
2021-01-07,23.91,22.37
2021-01-08,23.34,21.56
2021-01-11,24.81,24.08
2021-01-12,25.15,23.33
2021-01-13,24.18,22.21
2021-01-14,23.47,23.25
2021-01-15,25.8,24.34
2021-01-19,23.56,23.24
2021-01-20,22.86,21.58
2021-01-21,22.22,21.32
2021-01-22,23.73,21.91
2021-01-25,26.63,23.19
2021-01-26,23.94,23.02
2021-01-27,37.21,37.21
2021-01-28,36.29,30.21
2021-01-29,37.51,33.09
2021-02-01,33.96,30.24
2021-02-02,28.08,25.56
2021-02-03,25.43,22.91
2021-02-04,23.44,21.77
2021-02-05,22.16,20.87
2021-02-08,22.07,21.24
2021-02-09,22.26,21.63
2021-02-10,23.85,21.99
2021-02-11,23.25,21.25
2021-02-12,22.45,19.97
2021-02-16,22.46,21.46
2021-02-17,23.44,21.5
2021-02-18,24.23,22.49
2021-02-19,23.19,22.05
2021-02-22,25.09,23.45
2021-02-23,27.01,23.11
2021-02-24,25.04,21.34
2021-02-25,31.16,28.89
2021-02-26,30.82,27.95
2021-03-01,25.39,23.35
2021-03-02,24.6,24.1
2021-03-03,26.79,26.67
2021-03-04,31.9,28.57
2021-03-05,30.03,24.66
2021-03-08,28.39,25.47
2021-03-09,25.25,24.03
2021-03-10,23.87,22.56
2021-03-11,22.5,21.91
2021-03-12,22.99,20.69
2021-03-15,21.86,20.03
2021-03-16,20.31,19.79
2021-03-17,20.95,19.23
2021-03-18,22.6,21.58
2021-03-19,23.17,20.95
2021-03-22,22.29,18.88
2021-03-23,21.58,20.3
2021-03-24,21.49,21.2
2021-03-25,23.55,19.81
2021-03-26,21.49,18.86
2021-03-29,21.6,20.74
2021-03-30,21.75,19.61
2021-03-31,20.11,19.4
2021-04-01,18.64,17.33
2021-04-05,18.4,17.91
2021-04-06,18.3,18.12
2021-04-07,18.17,17.16
2021-04-08,17.36,16.95
2021-04-09,17.34,16.69
2021-04-12,17.91,16.91
2021-04-13,17.86,16.65
2021-04-14,17.69,16.99
2021-04-15,16.92,16.57
2021-04-16,16.88,16.25
2021-04-19,18.61,17.29
2021-04-20,19.7,18.68
2021-04-21,19.29,17.5
2021-04-22,19.9,18.71
2021-04-23,18.78,17.33
2021-04-26,18.17,17.64
2021-04-27,18.16,17.56
2021-04-28,17.84,17.28
2021-04-29,18.87,17.61
2021-04-30,19.25,18.61
2021-05-03,19.12,18.31
2021-05-04,21.85,19.48
2021-05-05,19.58,19.15
2021-05-06,20.6,18.39
2021-05-07,18.57,16.69
2021-05-10,19.75,19.66
2021-05-11,23.73,21.84
2021-05-12,28.38,27.59
2021-05-13,28.93,23.13
2021-05-14,22.1,18.81
2021-05-17,21.58,19.72
2021-05-18,21.45,21.34
2021-05-19,25.96,22.18
2021-05-20,23.5,20.67
2021-05-21,20.89,20.15
2021-05-24,20.51,18.4
2021-05-25,19.29,18.84
2021-05-26,18.92,17.36
2021-05-27,18.17,16.74
2021-05-28,16.86,16.76
2021-06-01,18.53,17.9
2021-06-02,18.31,17.48
2021-06-03,19.27,18.04
2021-06-04,18.42,16.42
2021-06-07,17.35,16.42
2021-06-08,17.75,17.07
2021-06-09,17.96,17.89
2021-06-10,18.29,16.1
2021-06-11,16.2,15.65
2021-06-14,17.04,16.39
2021-06-15,17.35,17.02
2021-06-16,19.11,18.15
2021-06-17,19.22,17.75
2021-06-18,21.04,20.7
2021-06-21,21.82,17.89
2021-06-22,18.32,16.66
2021-06-23,16.84,16.32
2021-06-24,16.05,15.97
2021-06-25,16.17,15.62
2021-06-28,16.46,15.76
2021-06-29,16.31,16.02
2021-06-30,17.31,15.83
2021-07-01,16.01,15.48
2021-07-02,15.54,15.07
2021-07-06,17.94,16.44
2021-07-07,17.64,16.2
